14.134725141734693790457251983562470
21.022039638771554992628479593896903
25.010857580145688763213790992562822
30.424876125859513210311897530584091
32.935061587739189690662368964074903
37.586178158825671257217763480705333
40.918719012147495187398126914633254
43.327073280914999519496122165406806
48.005150881167159727942472749427516
49.773832477672302181916784678563724
52.970321477714460644147296608880990
56.446247697063394804367759476706128
59.347044002602353079653648674992219
60.831778524609809844259901824524004
65.112544048081606660875054253183705
67.079810529494173714478828896522217
69.546401711173979252926857526554738
72.067157674481907582522107969826168
75.704690699083933168326916762030346
77.144840068874805372682664856304637
79.337375020249367922763592877116228
82.910380854086030183164837494770609
84.735492980517050105735311206827741
87.425274613125229406531667850919213
88.809111207634465423682348079509378
92.491899270558484296259725241810685
94.651344040519886966597925815208154
95.870634228245309758741029219246782
98.831194218193692233324420138622328
101.31785100573139122878544794029231
103.72553804047833941639840810869528
105.44662305232609449367083241411181
107.16861118427640751512335196308619
111.02953554316967452465645030994435
111.87465917699263708561207871677059
114.32022091545271276589093727619108
116.22668032085755438216080431206476
118.79078286597621732297913970269982
121.37012500242064591894553297049992
122.94682929355258820081746033077002
124.25681855434576718473200796612992
127.51668387959649512427932376690608
129.57870419995605098576803390617997
131.08768853093265672356637246150135
133.49773720299758645013049204264061
134.75650975337387133132606415716974
138.11604205453344320019155519028245
139.73620895212138895045004652338246
141.12370740402112376194035381847536
143.11184580762063273940512386891393
146.00098248676551854740250759642468
147.42276534255960204952118501043151
150.05352042078488035143246723695937
150.92525761224146676185252467830563
153.02469381119889619825654425518545
156.11290929423786756975018931016919
157.59759181759405988753050315849877
158.84998817142049872417499477554027
161.18896413759602751943734412936955
163.03070968718198724331103900068799
165.53706918790041883003891935487480
167.18443997817451344095775624621038
169.09451541556882148950587118143183
169.91197647941169896669984359582179
173.41153651959155295984611864934560
174.75419152336572581337876245586692
176.44143429771041888889264105786093
178.37740777609997728583093541418443
179.91648402025699613934003661205124
182.20707848436646191540703722698780
184.87446784838750880096064661723426
185.59878367770747146652770426839265
187.22892258350185199164154058613124
189.41615865601693708485228909984532
192.02665636071378654728363142558343
193.07972660384570404740220579437605
195.26539667952923532146318781486225
196.87648184095831694862226391469621
198.01530967625191242491991870220887
201.26475194370378873301613342754817
202.49359451414053427768666063786432
204.18967180310455433071643838631369
205.39469720216328602521237939069309
207.90625888780620986150196790775364
209.57650971685625985283564428988675
211.69086259536530756390748673071929
213.34791935971266619063912202107261
214.54704478349142322294420107259069
216.16953850826370026586956335449813
219.06759634902137898567725659043724
220.71491883931400336911559263390634
221.43070555469333873209747511927608
224.00700025460433521172887552850490
224.98332466958228750378252368052866
227.42144427967929131046143616065964
229.33741330552534810776008330605574
231.25018870049916477380618677001037
231.98723525318024860377166853919786
233.69340417890830064070449473256979
236.52422966581620580247550795566298
237.76982048092520400323662592638711
239.55547757332762874026893203433449
241.04915779621658641283792141033567
242.82327193422260001682647445887855
244.07089849707815823681652798984450
247.13699007489749946755096817920813
248.10199006014845925676214208465700
249.57368964470720919232979418873997
251.01494779501600114295415510370805
253.06998674799947719459901378561809
255.30625645491402275308649179400142
256.38071369443447778935838233972953
258.61043949153136820898305864475913
259.87440698967800035067284461387659
260.80508450459687018593123347246455
263.57389390487013223308158813102330
265.55785183887632029247730896418491
266.61497378150107249572011297386791
267.92191508282405944037896717218562
269.97044902399760259469350531889848
271.49405564164499901817941675752285
273.45960918840328704571425029880177
275.58749264934384124874070261937778
276.45204950313293867988734363839924
278.25074352984195449274827671131626
279.22925092774518922840988045195536
282.46511476505209623302720118650102
283.21118573323386742049383794332894
284.83596398090472413315763392269622
286.66744536300288429284762414641494
287.91192050142218715525412027186751
289.57985492921883415273802356935234
291.84629132906739583551305442463851
293.55843413935628535677669710603508
294.96536961926554217506644863900967
295.57325487895829238846083145877861
297.97927706194341520992968295768283
299.84032605372131296002705252529377
301.64932546219418362347010020841798
302.69674958960691705175147709535292
304.86437134085729770014874990314450
305.72891260203680928922282126166097
307.21949612817005478941003339993450
310.10946314670189880478621976799895
311.16514153035600327094267080035482
312.42780118060089198048598309287426
313.98528573115892297904896575457633
315.47561608947573386859607814395377
317.73480594237018039564549420496811
318.85310425631659790668918454774918
321.16013430911357829192147141743069
322.14455867248293229883744500598855
323.46696955751205050621203041479516
324.86286605173961326498008699540041
327.44390126190545734346926381632070
329.03307168048093403361472757680395
329.95323972823386634389212218863147
331.47446758266342437566175386634483
333.64537852486985058496168308087943
334.21135483324438323240340795919249
336.84185042839068479465476291941189
338.33999285080661188625732608716320
339.85821672536354019232655093087400
341.04226111104656048259778459853692
342.05487751036358545140382509409806
344.66170294025233704418118809819919
346.34787056600994739593645981615193
347.27267758442048447579709488806998
349.31626087069614412315555573399372
350.40841934919209918767195323448723
351.87864902535928043671339307659693
353.48890048871880678360376860943532
356.01757497726494731796036196076644
357.15130225203962480960292823229036
357.95268510163227375512891898277744
359.74375495311444879929198597699030
361.28936169580465039029131122771523
363.33133057897383474733444956661473
364.73602411408899371626210212694040
366.21271028833131686107714519680657
367.99357548174030332618329804420785
368.96843809573438989157690129989191
370.05091921210600033965116306126661
373.06192837211283844911939643128539
373.86487391090856974475636273365946
375.82591276673933410790771414669303
376.32409223066805211719081961242758
378.43668024996547972409096591320352
379.87297534653234665102405969044627
381.48446861718652491966252242365740
383.44352944953648770434575548072254
384.95611681486368710375158420879351
385.86130084597422918056195935980326
387.22289022238798097594851473810981
388.84612835423225460080942030037356
391.45608356363804577057822812255413
392.24508333951909674901518417099288
393.42774384443402593669895292012887
395.58287001099372097087771132314164
396.38185422259218693199945449173053
397.91873620961424338698117971079868
399.98511987619489950591729986828965
401.83922860053321653991130437828723
402.86191776388611417631544309603963
404.23644180020800474022779956352769
405.13438745990992725748626802541674
407.58146038689618207630900118139054
408.94724550235111251963403976415790
410.51386919336663864676910528486719
411.97226780427875066464029850727292
413.26273607018504688625705931772909
415.01880975515511564631921146281722
415.45521499629459885712878248666982
418.38770578953477922604572309955480
419.86136481815232368785230913838282
420.64382762504178626797465298500048
422.07671005882675962984066544938138
423.71657962748181861056287473176607
425.06988249446134761437469264915643
427.20882508407458052814293388571160
428.12791407661668211030506848631816
430.32874543093863666992698154185486
431.30130693070359201950512192755568
432.13864173458856830625324910895272
433.88921848092722530294661105079290
436.16100643264698407180151826237804
437.58169816766858115401316723332546
438.62173865627219629091501013717040
439.91844221437065641022179002702404
441.68319920118902387420443649916799
442.90454630260944946972310241276620
444.31933627755915592030574353979062
446.86062269642952252886087518074674
447.44170419449329006552692530360916
449.14854568502330475302350313470465
450.12694578031352403004576252878171
451.40330844538879546211322463135881
453.98673780667791603836681029400486
454.97468376861678887530943895127095
456.32842668924605122449983006305548
457.90389306410297157469932917178765
459.51341528110601175400994380204141
460.08794442217584125533025542820655
462.06536727488253096383092114561846
464.05728691054828457624608478366668
465.67153921137109455296664574399553
466.57028693082625516739212595226441
467.43904621026163885664500138444684
469.53600455911203219181906882912317
470.77365547810164769011887945443635
472.79917466190881665829799268177000
473.83523234513968707380546802338304
475.60033936937578560542881992367993
476.76901523748452085284868919546831
478.07526376667096919987272740490951
478.94218153463482653831710176703848
481.83033937628656136668137628509760
482.83478279098239730655699667632165
483.85142721248253756018822108466813
485.53914812935600693002542365808212
486.52871826165124435236752626994150
488.38056709001744852711143066481192
489.66176157795613151278090417497710
491.39882159366300656921333100853913
493.31444158178530093636060404322708
493.95799780536946490958309128688515
495.35882882213127749683413273717060
496.42969621575910348391891281607302
498.58078242968654201667508291248791
500.30908494169049553930939072517145
501.60444696514547766333254576285117
502.27627032711823317539950733388534
504.49977331342773718379126222836139
505.41523174224444202955216610928286
506.46415270952353122152607478064523
508.80070033646782080946967250819200
510.26422794367283442077951765473493
511.56228970037459546045490448659913
512.62314453140741866710125494348103
513.66898555547368343624414641792611
515.43505716729937724967689367295731
517.58966857246742534135796528694055
518.23422314755014357385827437347982
520.10631041172325590319614613426186
521.52519344949204096773239816319414
522.45669617773021043014441332251251
523.96053089201584048700750948097210
525.07738568727962218059121763013804
527.90364160127234522961726807115412
528.40621385229265894160889664738364
529.80622631870690079816398330156483
530.86691788396108964438743451485607
532.68818302829373050512644556914357
533.77963075376873256548254602313547
535.66431407587322461704612318227471
537.06975908312232758838973775358227
538.42852617624796284350095523978157
540.21316637622813338364566898996335
540.63139024729511736012807759917593
541.84743712120128154711911350890674
544.32389010100526290312130875576084
545.63683324893481825485543979442205
547.01091205812229246365588179312507
547.93161336448933831045115942614556
549.49756756266137845998473387977357
550.97001003948388904565723405699389
552.04957220056489279257670254556957
553.76497211915881461714978259209356
555.79202056168250841657322148535519
556.89947640685535126196421865614637
557.56465917205852840852398987433128
559.31623702868216376093514224020579
560.24080749729566824179327635886052
562.55920761604585110813791669532454
564.16087911078611781387953350040653
564.50605593814983512224596893897684
566.69878768280795624151228066724073
567.73175790117693745033473049357506
568.92395517962936849675348741686615
570.05111478246359203852701660132787
572.41998413245276404527692710734686
573.61461052675812998724603210964330
575.09388601449488560745717228219821
575.80724714092878070942933289443044
577.03900347209821121663708968773919
579.09883467203660743128436432892110
580.13695936238462867271627634803320
581.94657626590162555150611454472396
583.23608821916727826196057364948566
584.56170590346552836694589339345447
585.98456320498830057418725898558899
586.74277189125015564477184508734522
588.13966326624795641755423527049079
590.66039751676527563103200331027427
591.72585806504805664922244647274056
592.57135830022556982077271612031647
593.97471468223102924380517450938163
595.72815369738894917702092073286780
596.36276832839368408957909707046236
598.49307734616475440106358293611005
599.54564036436485399751539514444541
601.60213673593263605173810759596851
602.57916788638735429882272454283782
603.62561890357916067224396685745155
604.61621849375323291463960278864924
606.38346042210904108867431123988375
608.41321731118732517512672375717967
609.38957515472008052732387954789877
610.83916293773940692670253776777883
611.77420962088720463516836197265697
613.59977867563711940518645618591430
614.64623787223262152555308398761924
615.53856336940702785347426589569947
618.11283136644237338254022702458093
619.18448259795363424902814642431181
620.27289367222752191908557259479290
621.70929452794862295729863306084837
622.37500273977900921788154377912352
624.26990001817788083477294703874997
626.01928342765438219833621740589556
627.26839685078302075199764559638330
628.32586235946036193594381566512154
630.47388743829204587060658677634855
630.80578092719753264187172524814689
632.22514116711595195215470592961047
633.54685825225177748419713345878246
635.52380031060545381052558175111789
637.39719315983730717374807428792948
637.92551398082258109342883971652390
638.92793826685677019377269092137186
640.69479466882566762318753849869780
641.94549966570529454537853855321741
643.27888378139788936114336280335711
644.99057822974800251244371232469926
646.34819159550159203388094162166238
647.76175300428888379376680895224885
648.78640088878244077108013376947460
650.19751934525645908325389759235632
650.66868389139598253056063305467549
653.64957160539469190208686495944933
654.30192058631934227547061632298174
655.70946302235563631602674275039580
656.96408459946061742286989658576393
658.17561441860539974487980790927665
659.66384597296410783116518214602364
660.71673259527927005215888125181469
662.29658643110041064437826639180564
664.24460465227301344989025726143773
665.34276309559904054278816979251602
666.51514770417296054877509581923204
667.14849489455542994106921327453274
668.97584882023513140619227966226343
670.32358520586258403442955331722176
672.45818358416973418136508633517801
673.04357828614764577013104065132060
674.35589781012316789615632010608790
676.13967436362674820317813571434343
677.23018066876397324785479956961293
677.80044474622133491893875739326947
679.74219788252821771952593891127000
681.89499153315188910945241108136766
682.60273501975054548754083664487119
684.01354981386950523619412795879452
684.97262986209845254573666173834441
686.16322358772794960347300671138852
687.96154318470364848279633748968504
689.36894136227236842325519282517255
690.47473503235039769394308945390297
692.45168441552084884984665236505928
693.17697006060182484562309750809318
694.53390869987314001563070454193222
695.72633592092673016780142822772934
696.62606990034561497090281851956111
699.13209547601350671081616958795116
700.29673913214349456801214984411023
701.30174295464615568517391403947574
702.22734314576050011943531981033741
704.03383929552530932265307229582600
705.12581395461922766686747943943914
706.18465479951791902581098501600109
708.26907088510989999526902863962965
709.22958857028430070903469330356195
711.13027417968543156547485639037760
711.90028991437531203891507905321160
712.74938347010129025461057436722150
714.08277182066939307692452716596827
716.11239645405211014818202647593088
717.48256970310019071444189757932270
718.74278654548589398844918268490937
719.69710098836566513269096089758873
721.35116221853641712838615869635834
722.27750497567423734037614366018581
723.84582104512841551167192240368019
724.56261389037907959224621677140485
727.05640323004938161764840527789085
728.40548158893406003474435523293103
728.75874979561426856613063227339049
730.41648212275643470994403935435785
731.41735491859852508074935696029530
732.81805271449984920856752688777102
734.78964325237799425231251000340455
735.76545920857832107693218880523230
737.05292891226530804231054087698882
738.58042117137382252170544809171004
739.90952367404194402970095938783325
740.57380744729501051503597159715307
741.75733557294167327586116200279171
743.89501314247365938155014919786614
745.34498955061187432564054848359263
746.49930589943232950960500661862738
747.67456362426952835956936787295266
748.24275446508454786850329469893412
750.65595036212429986680743837029463
750.96638106665083726845841969542879
752.88762156720237474950770500312656
754.32237047171267268510308625059281
755.83930897603782987279244037000439
756.76824843995093072013321023474403
758.10172924641258341148976829104399
758.90023822489237476743539290540976
760.28236698351206453186960086210370
762.70003324969105472806899990857665
763.59306617283722299697324717266435
764.30752272418022173625122582555298
766.08754009983620539442246482692113
767.21847215553951408249941016240426
768.28146180650923082345666502621490
769.69340725262442432500665491041905
771.07083931367831632118722191611929
772.96161756575702433782916594526841
774.11774462794050740214190939655719
775.04784709658050805001699296920556
775.99971196317144247773158260303120
777.29974852959256481651097706287499
779.15707694918900406392453774211992
780.34892500418167053812778355079499
782.13766439081209475431768732778657
782.59794394607353986616650574409293
784.28882261246550146314609966577582
785.73908970071505184064618776907869
786.46114745050627745989678749687847
787.46846381591003838147349962303004
790.05909236411956429494600325468193
790.83162046792103501908293139479826
792.42770760860452686639107018912141
792.88865256262258804224275320635308
794.48379186989316448131837527744619
795.60659615616241262791255804776511
797.26347003803558491619170457741739
798.70757016629621130969195342172827
799.65433621089763277282689066353754
801.60424646298205596667661614243730
802.54198487841814966241714105896809
803.24309620427019419022622905382030
804.76223911266176395159578396303784
805.86163566709480283680319154272653
808.15181493599374739235585858094235
809.19778336330071038771960479501840
810.08180488640709989152472990147139
811.18435884650626033788432746488002
812.77110838910934271980128866232484
814.04591360751099350196760078072017
814.87053962587256778401968695678541
816.72773771439471631650257483772409
818.38066886636167651158677502630535
819.20464217082386260582403884633765
820.72189844386928746643102182345919
821.71345413337940180987603446496773
822.19775749340427714358185558605018
824.52629387162974816376648492845944
826.03928737657438354801416353322042
826.90581095408077197966445091349414
828.34017430048990037050421507592184
829.43701096830933362304759149231861
830.89588405331740073007861761114162
831.79977765907058307432460837284024
833.00364090915419953831125420799319
834.65191514782557580734533987601378
836.69357618759186716887034075914646
837.34733505953151476748641631572147
838.24902199273214583654709591162613
839.46539481028247555031030220011629
841.03638982901342372441148471800767
842.04135420652637133336769920020252
844.16619660735076882134610112566781
844.80599397576372688128477664963658
846.19476992769399776366251853997661
847.97171763951200663632758478537616
848.48928118094352382488673033472458
849.86227434869782626434471470775637
850.64544846600409237824204818765873
853.16311258338915532583947207126675
854.09551171986905862001822163210216
855.28671024440493634822843757060151
856.48411749079166285403492490159691
857.31074060260382603296422995599457
858.90402646647569441282957372075879
860.41067089601467075159414014632735
861.17109821271533760597511040114215
863.18971977190893423611013006573866
864.34082393006954085568749976524425
865.59466432651596539510687707539354
866.42373990404264146297958865795177
867.69312261178500623876852710732107
868.67049422913159666783827457457718
870.84690232575401620579527545407892
872.18875082161320775587322808163246
873.09897897128198149832540295728939
873.90838923533753043962998577189439
875.98528510878032237439244119674069
876.60082583302744239724313001907371
877.65469834103347514402209313832404
879.38095196979098245646180007203463
880.83464884793939028303228725197325
882.38669662719646125238465043276881
883.43033183870164568456833743642886
884.19874311459472696038427915427487
885.27230447961712705119808610060087
886.85280196291629837203332994697461
888.47556667381719477372638874886264
889.73529429409073709741218814311571
890.81313211252806368619592430668039
892.38643326015586934174099927922357
893.11911756729425833617554293744953
894.88629232086871614219290360338167
895.39791967478296505539685939456282
896.63225155620272003352658672079041
899.22152266838341939009564393985323
899.85888460793748344426585531170306
900.84973986052139611782464124653877
902.24320758675228846164044784238054
903.09967444263045494666504638074564
904.70290272228132077432409142571698
905.82994075822220940483941073031377
907.65672946896752531155671350847258
908.33354364506092528070819667519431
910.18633405717984256535255167880788
911.23495148595550409259750128658718
912.33104560003558724880716717151551
912.82399924674339537799221665873750
914.73009695837561333837523921369987
916.35500080864276589142084294799953
917.82537757042678302648396433404868
918.83653524352902957124898261895291
919.44834443968230478176512935231793
921.15639550715485336739940521902596
922.50062930663677026624532908777340
923.28571980242224267394310255296063
924.77348393347666441624645576483029
926.55155278460302894159237505437656
927.85085898575359414787096158807575
928.66365932893489228875629035794463
929.87409285064775477710606749815772
931.00921133662807295427616676545138
931.85274074552007992168634235099793
934.38530683725846475441454119257950
934.99542486384645961760973764516761
936.22864937928292721371866391377286
937.53292571197038127291623388558269
939.02430089921838218421841870917956
939.66094061452816598560075447474115
941.15699964204237260777099694368681
942.05234164337549787438994563498232
944.18803580957274451197850161510357
945.33356250304594614154223892099645
946.76584220472785115673216721824138
947.07918309625487796511947454302964
948.34664625504496716660508599383598
950.15161268464384086474681035084545
951.03324873382350997449941047639819
952.72798861985062608466752132393261
954.12971926955141533675800941441693
954.82930893821663711951376283810162
956.67547934328979602314203213322767
957.51005259642372246772876911693232
958.41459339013618097000399946725479
959.45916880706811256099960903915433
961.66957247419275334266865750319865
963.18208667131144699713218997217170
963.56704019161227067186209951900679
965.05557962375111622492669481530713
966.11075481841020401872462128611977
967.37115376626285431516477820424841
968.63630190608732640808990549808301
970.12561055694117547921511958924043
971.07149148638572794025103456085623
973.18536129430119422164909695845071
973.87307899265359719423256346532695
974.77463506583742987530315484702380
976.17850242058960934418779815924374
976.91720211705062202141726717178781
978.76667153511297445402300674042505
980.57800063977441806133895250247559
981.28861530175896945936443434712949
982.39648516877897840141022187220094
983.57507600643132875553311344275996
985.18692865577343576952856514903153
986.13051511018452664937398821863016
986.75600840765603562177783911767276
988.99262237065740660736618366671371
990.22391780402797236297813057636929
991.37429414776150543186343326028615
992.72869633673265944362739693309338
993.21458095744295370752307112134405
994.40459057109449190002780546623488
996.20533616429828648352798144930170
997.51193475193922921102984007544019
998.82754713692963313051961544663937
999.79157155741294046316314715784707
1001.3494826377827371221033096531062
1002.4043054883917113081593275664358
1003.2678081794532482575282019014480
1004.6750441211728942261333468696005
1005.5434203043783641966110481041439
1008.0067043070636461981398201251010
1008.7957099007422823457725571097604
1009.8065907469646294572819357486026
1010.5697570110610758985665156918320
1012.4100425157615968428532618443719
1013.0586380984089850726526376543487
1014.6896326223704046881464379534828
1016.0601789426473781302897948920620
1017.2664023643554066697148619797959
1018.6055725186201549509835675665299
1019.9124397439440383616715166951726
1020.9174750172636783161470844920928
1021.5443444999046519071240849683071
1022.8852709117163478259996634313591
1025.2657241977276963666283117782624
1025.7079443714628892377277012466274
1027.4676935155877702733974230213631
1028.1289642554975178776695317748435
1029.2272974439613667311287036044225
1030.8973687905965235607265557395421
1031.8331802974077625412242242263525
1032.8128830351588514606514409583203
1034.6129155295208100661743406495350
1036.1959173580547402539829278864868
1037.0247076462817497505772639763117
1038.0877522406188364373469423361710
1039.0774014368966887266795988013885
1040.2640379376957608311529260519902
1041.6215280145422741547117084342493
1043.6239543496214938704500954519809
1044.5149758290787681146033133725609
1045.1070423529779113906503955376558
1047.0898174842947842211146505159131
1047.9871474896004711313215965099330
1048.9537851946859616330570245435336
1049.9962842565932197556301997932918
1051.5765718432051957955781493207424
1053.2457851583857576256105207590716
1054.7810394782813499067987929540953
1055.0021464756857362093533824334184
1056.6888473638282298575247906487941
1057.1000436596177836030610857179554
1059.1337691068971462294212996924029
1060.1395185616078190972389934087856
1061.5013044650684200631202118323531
1062.9153815078805636024533746996020
1064.0715510717185404252860304909204
1065.1218551062930554785798230840617
1066.4632234692429819437788191314735
1067.4188601209645580593451763585802
1067.9900000790426254677355643100518
1070.5350419968292628093530997920987
1071.6186232150895379047280554805599
1072.5439980111215553487828189938526
1073.5703531650937254377277085988505
1074.7477710443109985792942156659212
1076.2666255941774098650037502372965
1076.9240560657544468875853616394872
1078.6471984809563646942905148203205
1079.8099654292590692135716642504533
1081.1710023434678037850664794818684
1082.9527497230696686607919918325521
1083.2954665140856067683406798550294
1084.1832643104302161431638486172873
1085.6478312086393407120200665647914
1086.9119989898250931155656903346591
1088.7557246748088014716971250019135
1089.7953379240747749584235692128103
1090.8631910262488607850089899010891
1091.7284729669368289993993051948286
1093.4408732723686346807955856661005
1094.2844575237541598363385591913134
1095.4330847586614786896674848699835
1096.4019177947425285021494554188744
1098.8410154666498617872947335026872
1099.3606671785717955946165118018849
1100.5744606224625632186244269405291
1101.8391111687560134050112143502508
1102.5517798999177227467859432365266
1103.7322971745469358475961100996696
1105.6171888307620715173208090337441
1106.7743716758327751009174477157223
1107.7745319550101369331516708061225
1109.1589188567664518878051750635042
1110.4441429936132058032730282104965
1111.4435047648998965874183727754233
1112.4329954080764445806879193708125
1113.3975951148019935136144335694061
1115.0653594615666056765302328096648
1116.7872538812145241906330399131504
1117.9659196691996709454775823758334
1118.6841348610183909038781225435779
1119.4732474261789829018614472604397
1121.1559376758105699053733707335139
1122.4586213568805122541328544238161
1123.1011173878092001666644555337031
1125.3147293978464700797989768024607
1125.7634424292525594664439720091224
1127.6580235272157192307752739990292
1128.4302246138927113721060285206000
1129.7289967770655621750891555584350
1130.3915978962316708320109077075095
1131.4950855619170432222868923537734
1133.7086256694562358514102752456045
1134.8856545915331964306241983416318
1135.5622139754775459565220463973365
1136.9292934809695297854696673050760
1138.1515897798055407292335318985534
1138.9923418204936358938599920165790
1140.7218481719033597526553298592635
1141.2610229641367583299822815692887
1142.8586596078564811184987998415729
1144.7822995186253418770652908602546
1145.4853275171171068080172815104847
1146.5768149248669534060517444816507
1147.5017765233193160912998347322856
1148.6152772088340190037672330442909
1149.9826010281070976654488166630652
1151.5628147236732181493886965815913
1152.9431285305897959516386594967117
1153.8903037162712680265829827084467
1154.6975195353823829131712126547446
1156.6215678338725434105791154226443
1157.4323145756109063328652522083179
1158.0016090272949661450866871131300
1159.4806570190222973094048349471658
1161.3966446343780914984888905217769
1162.4875286020054278040176870124724
1163.7010316827786155876421965097326
1164.7375863512276099346202176355419
1165.2712277064576936055335879344202
1166.9436134095287126771059541535401
1168.0862716101387942979379281227250
1169.6983568848849061864685133958864
1170.4636385782836660412160301579627
1172.1206818656955998464007403285003
1173.3056877640483587270421618618794
1174.2327668564563026520643616409824
1175.2154523959507752470309329528317
1176.6328758097884586329938288945022
1177.1063044216561469490001192589280
1179.7012235019338980325839772036989
1180.6535437870843853308739698402028
1181.2673181516800189591329756941103
1182.5822703469203904400411192758561
1183.7127752959743153498903983961820
1185.1558428474657922830201409041309
1185.8753586953566200126190893688280
1187.3451614932673099555465837371782
1188.8564442982293067888061519354189
1189.9636364979184433437486371083702
1191.4826059264134708651333781258402
1192.2186114781015450778922055720778
1193.3240214274550802753896614893807
1193.8574271354369919659411661846939
1196.0346717486710622321115398717835
1197.0717866588219668044794666530677
1198.6865691046305664764870117939282
1199.3565137078939681318811109321178
1200.5326920312199143103382590281798
1201.8103348566060497864604585335834
1203.1373508614254794528334901142667
1203.8552475940970020270025888089704
1204.9854921714664107155865593598108
1206.8704997938530682921379458278506
1208.4714599495310314629991524712347
1208.9894841679390256766525446907885
1209.8980300875459557533784787370889
1211.4161158927981230604789832015234
1212.1131530663197926243942800246138
1213.5983726803682184851350529352542
1215.3899750650456342698137702074734
1216.1837220334674167237727652425366
1217.1744824977389190397719142941092
1219.0500281774061635092768305730625
1219.6144713108584843102217194913429
1220.8163476909781314306853617443536
1221.6922424831437332117925238799767
1222.9524840951083582425642426473740
1225.0183300241685391973517570533666
1225.8550207607957153966613668714416
1227.2318276414909319241461611600853
1227.9171416144000444059463490981111
1228.7931543629811717691790337819358
1230.5846031542492757195017588426353
1231.5622738776453981647181786302261
1232.5295870405978955510341375484565
1234.2778166534317880488442249053048
1235.5025485265209973187174269125794
1236.3990174657789958654443585032497
1237.9772985135811455134264355437881
1238.4572327956618071163334249812341
1239.4908071467957542777046753797596
1240.8134717852162668915202059959903
1243.0780763980211188815195140652935
1243.5381465261142599804738685752675
1244.8514339669838585645816826992160
1245.6558661881478224788038745774347
1247.3725619698556439157041761792223
1248.0630610532081986851494499576986
1249.1598879530029833405833142053954
1250.6723972756781171550895278911459
1251.6598320042712211800375857764150
1253.6735778521071020183802618002726
1254.4313284217734493685167530968339
1255.4082306452907346383815548335882
1256.1812141984608660682557442038988
1257.5412194126441144268231881839619
1258.7792334885950531906713570404965
1260.3445483161855198681790705465362
1261.6117171614798399043252592093418
1262.5566140003562243425577350201989
1263.6767328438617933303996144828202
1264.9572230069997892876956139976028
1266.1790377605620622428299995974479
1267.2003456118454892202899459061597
1267.5705717794402234586437783671608
1270.1189218864926039251911784333259
1271.1342996316099914002916818997525
1272.0839595993328974228956465820043
1273.2611446334557528137274897195876
1274.1962208894803588281224587537262
1275.0920303158404577816713274187355
1276.8421715555697946855351885739914
1277.7630919863468209206096185138785
1279.3328433167082513942852303181595
1280.1557944090229304665914772353968
1281.8287269596999339288649812522515
1283.0004913866996766077031149414023
1283.3350321388792806004825547251586
1284.8547951546216578404311609364089
1285.6950233311385927747749484980954
1287.4100266170753161316727866351846
1289.1653515327730614814131104352849
1290.1047715198073378895218090326419
1290.4177080730425036625436022069890
1291.9458709680831984004580379146549
1293.4939815574174450620204468469848
1294.1184743778483523861097779837384
1295.3653635053582502549321730874609
1296.8011109923472915021941138692232
1298.2565270678895294323492221763596
1299.4051712507439783983160234598311
1300.4900189824476383934709433430026
1301.4955166805750583563560183729328
1302.3467423792469179205132531751889
1303.2732002287941434691560075303831
1305.4016721880043846630123156514872
1306.5083933129688369717337208346262
1307.2672421078024270977841513317848
1308.9881965176433872421083350804299
1309.4215324932559666738108118145265
1311.0565705111118966639323357749277
1311.9669406080493548688109712476711
1313.0315993690196645524429461505588
1314.0525656517261661933734666220647
1316.2121126028540497802903536841231
1317.0729860348299550010083892684107
1318.1712791321650525485803371308538
1318.9478805965663383363912810380936
1319.9310828775364730520352801673907
1321.6281385519124180574659256619873
1322.2580671233911579451936984255434
1324.2249787188443309132291957355089
1325.2376243589823353534974651799178
1325.9819696304462812230420446226218
1327.6352811084574496403517407333260
1329.0435179965186012398118524154428
1329.2050187854836348476184741411235
1330.4299371204592631826607910246420
1331.8275913852852175235423307596365
1333.6735226102849332709758717019985
1334.7473290516897765303394781242425
1335.6949745260020665890152842398928
1336.6901846533858710535352410809222
1337.6887918096699496031484399558868
1338.9231645986703498289819693065618
1340.4264004573001757897340224363941
1341.1662722529263870719351283659382
1342.6085078837768613275003733070022
1344.1560440035957909982043294785658
1345.4771062613987144274073010558988
1345.7314132554184077590067221834473
1347.5194717508999111072267333030847
1348.0172380187364100916240381210428
1349.0851940140476579807394380120395
1351.2962063740967180098376823805470
1352.2104651591755383794486596910426
1353.4833383582645765537561783612620
1353.8867819716962276842360469129874
1355.6805953206364918868575084414019
1356.6056557098079539196745219737348
1357.7717428285794640718014188988521
1358.4601603991590264373551891726352
1360.3931447621911523120897519102878
1361.3930747136396816988907629289292
1363.0223286032807568385427379045716
1363.8791907971344724379646984016906
1364.5765848967539726412797459309493
1365.4937335512952472654357740311862
1367.1040909700082308799551553511493
1368.3301933079858948948777020854959
1369.6869490773429166010337490783629
1370.9735227677836440459216690209829
1371.6865535528273911288295320534896
1373.2029145623733821032963702736956
1374.1547986586406456265197937808102
1375.3023923447489021548205548208059
1376.1617799936193520387648120160642
1377.1776336421046263224819258351531
1379.6832830286129263857715781641332
1380.1485784416924030639281519755444
1381.0739771492056348706565533872359
1382.3456629784736798877423894409283
1383.2975910079464749033167578318646
1384.4444158477600829733956291902029
1385.6637770111926864388739138726271
1387.3266476634895306056972501375000
1387.9214541271127970231685032052691
1389.5658317983939371950096554584767
1390.7054902864276651215146231695960
1391.8532004432697553845268907025566
1392.6440277885486482558310256405931
1393.4334017407936650264174710753349
1394.8841846756803544790294755683398
1396.5441631236825017702476369464467
1397.8346233213872242793153559001656
1398.8376752013858652339107816235516
1399.8394729412064814670539857461432
1400.4269462973942982610514250245367
1402.5643472500659938171911112439515
1402.9737476409192080504973187558285
1404.0062921705227571294407279507336
1405.6669750592468750922573252541304
1407.0851427764364868412038615539457
1408.1363074961895507547641092165687
1409.3206810798389572497111828525560
1410.0248107258022258330832994315487
1411.2570568157066238600242307786954
1411.9656534617730042844941774171134
1413.8431487885688529987976036399662
1415.5857847954953512089930385358159
1415.7815813032829100827720366603942
1417.1028229338226147556249643256485
1418.6969638524521656752330518298747
1419.4224809459956864659890380799168
1420.4165263237511360343752509329152
1421.8505671870486539107068075509848
1422.4613109875073664963794401450716
1424.4630456695790222467951427634864
1425.8734692449965910792898177569972
1426.6459796821200393801970248604578
1427.3656711094266820289608419437567
1428.5923058759787687058609412082685
1429.6504772761915457648975834317975
1431.2183136727516584223625771090024
1432.0497408933136007269558601250948
1433.8219407370651605131375404260897
1434.5849421682601239660687358274518
1435.6929073834192773839529158101557
1437.2267216238012486844633501534593
1438.0062848417224015183524731674843
1438.9495527468827989761788134547242
1439.6227930781639839739748187002498
1441.9609875048618361805390307109282
1442.9110595808968588678793239611255
1444.0419307063665622430661051589868
1445.0722784592010457440667569065024
1445.8300847797100207833562371135650
1447.2262270999757943922159349507654
1448.3238535157254535176844030742066
1449.4887712807312579028712175297283
1450.7735618582973300899067569548315
1451.8352979993933832642463950130555
1453.7375967571022262546087483409110
1454.2260112602262796180296374662118
1455.3120912398196683550617282458715
1456.1677976083872555580470668606375
1457.5390016684112304398528537142092
1458.3937773686872488973531850503673
1460.6882705354191038864174903755178
1461.2454433451599559299381839372739
1462.2661232657872595375505136998280
1463.2868911904275412630509799382328
1464.6969032978764099623614572281250
1465.8895576140852681590573712352490
1466.5056211078877233689232930431311
1467.7039895860710134018269826440704
1469.3476498782696457992910961977762
1470.9665891271649672004237430624772
1471.3887645271065945155685241420680
1473.0201323241857111437231544186312
1473.7456491857465334740873549614109
1474.2032215656988787856270524716436
1476.0921270382409207025700313686136
1477.4351911475001174050047117179147
1478.4413959734129485850082616484766
1479.7599187064900776753956326362962
1480.7668790179822576795434093609587
1481.9646842098023095757308167465814
1483.0329599580714806503619454521725
1484.1435808817554077749165419457371
1484.8178832312037265766346674879784
1486.1713490275571399283723104794199
1488.1163379762282705270272214898453
1489.2524669464301230720277296469566
1489.9708922046788857587342600468801
1490.6706938146032656107175121423165
1492.1800905440164114486222338983768
1493.3308354212702177606472923862277
1494.1553686136888037426541714608740
1495.7688329789417316402624132387227
1497.0655055717100637076576081861444
1497.7473609331211557025671345320212
1499.6408247466198197270628746777351
1500.3519515166031648772664649706681
1501.1193249221315867552671321007878
1502.3460632923990629246531316179510
1503.0909331266804933694986612503746
1505.2615296546719109266541042772934
1506.1529861381131793145324817448706
1507.4075051638303222802375254564659
1508.2530310295422753053001818528555
1509.2804193632232432901592934240958
1510.3917974464735380383114623716663
1511.9230054590021111884600073304276
1512.5897647054581278027984358014261
1513.5897655399186775867560795115590
1515.7083435868739298973392725036255
1516.4359897187584550054810802025587
1517.7198062541301867851364758255743
1518.4147914872536910704933514278172
1519.7410094939068208628302317922188
1520.2736222203561542700413079516573
1521.9019090654609113954278392993871
1523.4860471492588801365945504957020
1524.7248921606221869898416009107880
1525.2278372337918000714507193014002
1526.5523119103874568333430716768750
1528.0409304292975721597205353347548
1529.0344567287013106279871385178546
1529.3699753651945241655970299239432
1531.0207429702223225758667512932721
1532.2223269393920695287728734112516
1533.8869779132015920966829798853491
1535.0422774712066645852911677878462
1535.7695023952482043277186052549507
1536.6207018240298718982804690567547
1537.6510621679449224647543105565390
1539.3028548555832294278460058118691
1540.0302701395063689737232692961809
1541.7422487627890034935865946229492
1542.4965229227662796047688084405398
1544.1186700545202898953676199985152
1544.8346082275194801102029362351778
1546.0911977863132978861448018812404
1547.2975811214069013680004152633699
1547.8065638018575678123322593373556
1548.8713481787253728839279516717595
1551.2738453264045265679570972914422
1552.0068728376700693968253005575257
1552.7361053298038551302550299238890
1554.1565191096577777888060998046484
1554.9212851649918697488020581931926
1556.1629874975527523457446144541940
1557.3945070176904909878321513278969
1558.3391528523519627863858349866101
1559.7811543907102352552592888871856
1560.8764757778094521399411405138970
1562.4101531801944396805360550518723
1563.3854009584955372679183714399731
1564.1779404604316748205899000632968
1564.9157882622601359302259758773018
1566.2664156015515167371957895211954
1567.6234507172181054566697219592247
1569.0224778043740745285609563817539
1570.5092778669208377501537020184721
1571.0453814855381850569359024149357
1571.8453520880453383653851876817922
1573.8065633302714038347129371087555
1574.2309154298637777553736947807768
1575.6381549520165517044013191660248
1576.1613523634243775613274893113230
1578.1188269457827860746407614418295
1579.5140550677406772480024410969591
1580.3720816254715493750705640413363
1581.3635517730018203930006717247279
1582.3294869441471762565692507187105
1583.3946934354217484331843377127598
1584.2348480663762105178717190128453
1586.2932107503377760655993059499922
1587.0043421070411498290948118452441
1588.1634040289047901480311215143730
1589.3579459495577277760309317414497
1590.8359043213941047713064260832676
1591.2938843735723562314062651764939
1592.6371670392349184734363507304724
1593.5848081888619263354708838136018
1594.4426896556905239619126158288139
1596.4844924096546752466989210793524
1597.7158959444231286463368815034583
1598.4207985496704497457622230835355
1599.6193489504628069109813090586631
1600.0480449034073111176407629861935
1601.9119462285821953190485098516510
1602.8154047937266025175359819514400
1603.6552029961240796684042861366315
1605.5216466466233487043330109109568
1606.2934181265742234985116355746203
1607.5569052119828795406008956108581
1608.8362953050100155482169016982016
1610.0032641900379443104707872025446
1610.2538231625744888075677254581489
1611.4371412695547804192018582160233
1613.0788554510274235135226944675840
1614.7106278521614917396374255367613
1615.5746087189720087599013719002548
1616.3983948415836441768291262614663
1617.7346848409852085609991302228771
1618.5375178319775475283214606293257
1619.9525012611288490533608750989517
1620.7743108213885624188847012797647
1622.0987516980229607345519081848508
1622.9777676994755800472344664122390
1625.0218566579627898498546634302985
1625.9870201636211722415497500096923
1626.3999193116355519204943597645679
1627.7554412763157449551555848739356
1628.7153168567632301919848597863601
1629.6586689549477614627490364214308
1631.1948145515157529828581714283464
1632.7981835707088169655530437952529
1633.5125168897372631580845335015949
1634.5168226620670807064242218142370
1635.7183663262137995255785257691609
1637.0891901733709458763889024833718
1637.9946435860127523320158036126848
1638.5996583042138826963969428696763
1639.8212357298301955213755234333386
1641.8998190085045770394300713441566
1642.4897798223780730573453068239851
1644.1520659597376791967270432029871
1644.7137457746678828761643707921029
1645.5737603627660785824866250101218
1646.6248665931788907658206537864102
1648.2705982225316978075826566440833
1649.1185354092401232922863170234850
1650.4169889830483811499840888287244
1651.7326933413959810369980679741906
1652.6710658996012070823189637721927
1654.2058967593711669430823199627688
1654.7266523933217863817521859675453
1655.8227756767717673182068845261867
1657.1142363997630823537068504287582
1657.5671011793214411128960411351206
1660.0199803379989454244689812029859
1660.8600568333008103014959242794535
1661.8368928840966883047233614966940
1662.3772025492800834672480887394639
1664.0572654181100306172610838912714
1664.9680044863650838069745584169194
1665.8776404144862123309613523861539
1667.2411250517112771393868782869493
1668.3682293274018626521898559181454
1669.6697284523992091500178006445353
1671.0471824333031819792639570379801
1671.9842593337262739424366656145402
1672.9633708307810565977582640167263
1673.6874453339052505110740395404845
1674.6484620970097547961374240312887
1676.3624863239504752167557486596151
1677.6912271415265036186236313139343
1678.6303680910636503934934307850765
1680.0779467168094944398349944731178
1680.5047701128470520805673562396414
1681.8123201742660133606271665236811
1683.2732892606667704704682984471818
1684.1716568370642915790285519702276
1684.5588632525372418613815811379561
1686.4211219478381975932769378263811
1688.0801426931765884367403532303691
1688.9338685097846240565621119854612
1689.7031542561797888658193939820312
1691.0515599168930759445934095118458
1691.5151928920351522991871606030201
1693.0530209301971468671528993815690
1694.0175646526078568668314635040084
1695.8325544741872655130880782647759
1696.6549974397856563489721999740913
1697.3425142865640093492946044325154
1699.2295471876430187928723520348070
1699.9668172668638585643883830736373
1700.8203032450062387334392887123320
1701.8255509970474172335539192320821
1702.9232497644905193993241153479021
1704.2914124266797602813437512405634
1706.2560324315603770554875203856797
1706.6156650350260124701051948167739
1707.9123124933245149392945881519135
1708.5121161784030882508268280165651
1709.7808422985804849234075727062536
1711.1376032585928412728607393011353
1712.1553976543223688431905104841858
1713.0553417275131096287068290332566
1714.7171452554945303809070734271987
1715.8252830398205678356192013624114
1716.7699837173949027443615816670535
1717.9744850661585281531162567397419
1718.9541524985837519961214831277864
1719.7244693218310351104768987071815
1720.4980709475865318104584690805412
1722.8446617399156488259868349881546
1723.5328226312598736010009233614244
1724.7339587376582249117684472880374
1725.6386280199738306533531799678627
1726.6057007398854044625974202374376
1728.1665067609654250405788103143503
1728.6444864803719883969493919328776
1730.0238725447791444225678633570029
1731.0141937618571817830751642135460
1732.4301698592568365420286634406152
1733.8408250214300134044031004028764
1735.1754660211010983398780904453371
1735.6247153428706323275636943657073
1736.3056627332379888873848583801622
1737.8938847869285482841836106809489
1738.7832375888160542614972015962893
1740.1691156801405485872939981618781
1741.7791678087272572893656466607703
1742.4676807207820101989855928148003
1743.4264368587216265215078410967125
1744.7215119376997897767160043898620
1746.0974985956326949810888979655654
1746.5954566271282055716976637749963
1747.7816955277524177479514266046837
1748.5639873810802168275654725221005
1750.8228184898391004969697144042089
1751.6177949462511148368183101728039
1752.5115111406659359933656673510746
1753.6613552431395381519200866524526
1754.7633698742528780744522103848401
1755.1696940681426851827236267007890
1757.0465184607231084327607705576483
1757.9840770328181799914526820623287
1759.2400856466818949571628574647211
1760.2151662427623241851078294254246
1761.8548999387280703800922383538829
1762.4976888706606216305542278314909
1763.7191214962870472636665294047659
1764.5914768490919583547457580583750
1765.4004939917838357278089016481606
1766.6762435994778735452010710409342
1768.2959711363413811986221753672419
1769.9409520516358383343892322428375
1770.2436773121973481926171393984239
1771.2129449835465267259353012850963
1772.3280003635913593076561696562490
1773.8949155107034618118795184415650
1774.6604309900235901076769499918940
1775.3419875737472910269056723742293
1777.2558602240579870629854961545961
1778.0417347622492981165578739026729
1779.5522708091789616068093144797006
1780.6652284929986572327980244331087
1781.3556377228195629719665052423799
1782.4390673200201814517520138630251
1783.0848295199464847114797161994531
1784.6079463966126648688504576772639
1786.3422011793425288213258292238387
1787.0492730868162663902566033609920
1788.2151234796328232476430943520807
1789.2421799636847201408635105579298
1790.4495623697835404655194933118610
1791.2544098187954501491477789654270
1792.6161027351981827359462778835415
1793.5253906524095148220632320174740
1794.1784820072555911987507421158170
1796.4651405374308137511142553708487
1797.3763356711367698556910752020323
1798.1470674580757469268227635321390
1799.2316472097374004000646141838880
1800.0247240197391545681182271495930
1801.3096369452879921310766461352755
1802.3012834914505698588359638705890
1803.7968438133659577252429227680403
1804.9041609748120154479102509781916
1806.2896670194977816350109745746446
1806.5783917509639255810488900601390
1808.7144318654748903565078832564839
1809.1192737882873330956467674204317
1810.1088929879858045468150421710618
1810.8737191588547156534826488781518
1812.4200770021055190268465736840332
1814.0241403476155134236171955964249
1814.9730823634958490259055596306212
1816.3386112196746372878776672636584
1816.7580233653508531844348648474233
1817.7106085633424726477636085448377
1819.2603340994882505640222250880248
1820.1878821868112191836008365395239
1821.3057083652039090603156735634192
1822.4276714403025869288078533932573
1823.7662658957732879562961961057270
1825.2136768930133833537330718325476
1825.9156836149284093654766443200936
1826.7954552714926555575586737529895
1828.2112704999731419339340549015679
1828.6210917580311407275730155969564
1829.8325297099397020458090133175885
1831.9363799018152108142577182098814
1832.9849402437315542476538100542891
1833.2732390327303215208610530823189
1834.7215597486084990261272625958908
1835.8837544376925485670616281060797
1836.8276725159574896408153837181419
1838.0869433056445534360128075440186
1838.6402887076507410707996447654159
1840.1955634733573631067274971358501
1841.4785825706433942570822266252577
1842.8759552786672214457267154415566
1843.7710577430691204565610566880805
1844.7590436500958889270688127486061
1845.4175341464245291848359458682279
1846.3532534205164166021894040188296
1848.3309806223837314334153724515885
1848.7227609108908664043908342317758
1850.6011840476514636598794418793806
1851.4003619945897792039143708468948
1852.3422047333862772363025113081186
1853.5193429209895037779378611222814
1854.8556321159867277700193449967042
1855.5929349370554673178707172652570
1856.3891791535238544675837310903959
1857.4980748148801860301317457142899
1859.4952715687944599783850440328116
1860.5413881093368134813467669566890
1861.3796715472328534625283499293985
1862.1214649289442148815469013264689
1863.4254648450964860065631253874655
1864.3539813357462513755312806435643
1865.3674337940578901056782906057686
1866.8365470186081913399294573399163
1868.0851909986092243660093784738126
1868.7067456844081175196708494363455
1870.4214717683107901517089911535110
1871.4160430984071453260197763895356
1872.4415664281927175885088266157564
1872.8656676379676800098919166462732
1874.5083614126601353384185931316266
1874.9137740100395414685880084796035
1877.0950641673397746124396164748073
1878.0222514827534710989018146768728
1879.1533030904613285717368146782460
1880.0823254189943797633011871786622
1880.6117664796568674141681459562476
1882.3219747973846840578118909536116
1883.4087242695183660307181658289798
1884.0057783496671423567884383745326
1885.1980751302581228760071112436369
1887.0538948068901242324684816469618
1887.8088414168321295271624748458021
1888.9381826365794549995498508371617
1890.3481286142445455973964009413784
1890.6121285879332609308136291446811
1891.6785105397287878512511006720116
1892.8677013357911153411001706365131
1894.5585375724296871873108404866223
1895.6971556535845632965894955989424
1896.5854943471689011752890231657895
1897.5136928597119740939513821049718
1898.8293728186794821098160636044375
1900.0061448291439966105516448052826
1900.5718842724148338316194135101770
1901.8913057506000650805680563672216
1902.8050592066800629833539132404177
1904.0893253233517420889791853798148
1906.1027561981819565020466298481515
1906.5976780037662153936039234249345
1907.3327801239099263460371418322132
1908.4330630450517522297534675596285
1909.4659300259823802539559964114470
1910.7336596158915964777950089074900
1911.7046909431721586283215543669632
1913.1824897758830768136398797876447
1914.3523000516740526772694579485154
1915.0546293333472185709158418163353
1916.6063718395193537904150378950587
1917.3447040415663455229153536527375
1918.7864989098567889867213426407332
1919.2077783978052382639695285732612
1919.9374573712172038965936157171574
1922.1016256219937034421890103628621
1923.2808379364174420575296858126494
1924.0558311014408495195100242536886
1925.2319879754065294119833632709058
1926.2115830798940784583632846993494
1926.8200927948715767446166475879015
1928.4175185495194478588342241752213
1929.4875601805764899872591392104412
1930.2583871803873257970265318355400
1931.7600694365246140113779294799704
1932.8757545499469177788367509017350
1934.4164363691519034164129194059612
1934.9079434343656975100175708125251
1935.9248488037456948445268958314194
1936.8730938142789023867111022075896
1937.9686334980199577196477160402963
1939.0500291505441257168144736416598
1940.9773267058599359930023161090261
1941.8228622157802329508927946688039
1942.6335686922461509145727199801728
1943.3679474492527491070067327479037
1945.1537963063679595842512851858795
1945.9227169494833271863129541920806
1946.6099453618774103112798808467730
1947.9170477377036040799135656047674
1949.0300300736065507369298215920237
1950.7432015528631585984296926222617
1951.5366958730549103983848825656121
1952.8501292118657532761199484649781
1953.4485563251357700528207255568755
1954.4185881752141167901122114941031
1955.3158092837183886860371370535579
1956.8481645782155085546366022694544
1958.3144035551203585649648942925477
1958.8518834631948138464704266068536
1960.4188452693817967648481252172790
1961.3592778800143795083001890387654
1962.2335718485797980725803953546088
1963.6211845732020690794357940868977
1964.3573909380955972097842438191034
1965.3778295051038570303943179505182
1966.1176585740745264741607673488082
1968.4716020194204418528106225226620
1969.0476175465278286150547551659186
1970.3050095170337614072862291644467
1970.8555475799459443089150056703427
1971.9703128048113866402549190203282
1973.1826634059386796917310418729083
1974.3472019101200852587046404482246
1975.0806103022669935560276595512935
1977.1739436980398790183766841785927
1977.2714461997465107416966315097501
1978.8014481677315296315386508822647
1980.3717722870513369271301192312425
1980.9100430910242332550443807297599
1981.7487688972634837403199550042467
1982.6632791952765140241339310999969
1983.9238046222606596710983181052470
1985.4165401745267402218555705302160
1986.7571077164151979706843572121682
1987.8734733607243173788902675275278
1988.2518768073557660207647504252987
1989.7020027080216189264626232149602
1990.4783525264269916467364891687187
1992.0017063935279027154773566867587
1992.7849878751575727817365520906444
1993.5774931382599846394290902543585
1995.1687396118885377481067310100993
1996.7961769661882069053233621326672
1997.3909140596114493119147528796058
1998.2790069259848224221621113283504
1999.5457641762675889038432972233069
2000.4345153024322467768943364706328
2000.9296206891845551440981259393487
2002.8964083743617406881876830011823
2004.1396692332701349586558194326668
2005.0778481240987591306232733101674
2005.9009348857857108992434671871192
2007.1251801703011258953409037769325
2008.4182403302622716793735763447574
2009.1766341229495898344289792501149
2010.1533247675593264084431633091500
2011.0207050736500575710841167203764
2012.5389354774217453323583191405573
2013.8720977139908262647988707581066
2015.1867286087062829095921801278435
2016.0296380323753935233841002468282
2016.8000756558457325379926442324043
2017.3867672519615580113846400639063
2019.2646002160640997613941570985688
2019.8843671397552930535015425535574
2021.1960427688927880243795837031233
2022.5456176846882660299698691095292
2023.5729117771007478482716802288269
2024.4882621579512502973786924930084
2025.8789062024815609897719006255284
2026.7382589121520976539091747616468
2027.5733170559975424123368680291481
2028.5824593540399516318896679153622
2029.3854795509666473791684529462149
2031.7505506906187369644542530441678
2032.4207808562864302246985949165357
2033.0178927456698158101695712102609
2034.5548287889561650865741794184483
2035.0774400963040779760935054993405
2036.5275264833703267165409307656717
2037.2171110943408915631245668878782
2038.8417382508677501558565962481174
2039.4432187401044518495199920111904
2040.8391196731382238878247629546365
2042.3445862506042088978621956357165
2043.2171165633239644789213173445943
2044.1215932916674954251385861484730
2045.0373208598148209254313505190439
2045.8027604315619354284445336220167
2047.0983363456071322746092467528355
2048.4540940661611123933061039858632
2049.8475256057160692641950009987628
2050.9060553846845483813769892998827
2051.7183881962563191619197624526013
2052.4077901924010178674052521976121
2054.0599168984857342584284469520241
2055.1802673261666612827234175821141
2055.5726028990488721787602113237511
2056.6208666898937792898745515124763
2058.4506511189061361281735801817120
2059.4480217437714589666043803904082
2060.8682472081079683757625578868235
2061.3670592020318897206194019239717
2062.5726509199783940918318681504010
2063.2835594983807631485838001209391
2064.3048676996341480831549375335480
2065.8326722819114647076832434154996
2066.9852293779852873512316287836256
2068.3456385273700947157942032263537
2068.6699410828126941617758972243822
2070.5047175934459751551107731285842
2071.3770831697585964499089747568041
2071.9904548147607870995730698707934
2073.3976037157684066272158932918029
2074.1710649021524872642224402072739
2075.0280655448321566332034003737333
2077.1175701368772070220020590871889
2078.1554846392142840755482048278482
2078.9392881148769023688121851169018
2079.5676284618932273572270050338441
2080.9103434575612879221341806015462
2081.7996865635771461361134793841621
2083.3002768588279757108378228886866
2083.7799925501673975843649662737814
2085.3898136922859866755911257294366
2086.5803185343814215219979522095995
2087.4733409878580163480500950074638
2088.7122811987325811894183992805173
2090.0362067570169415735041981393225
2090.4475500274158669382270184395235
2091.2215806611312636368694923289450
2092.4732181100718917423176060028159
2094.3359174686319551548291881550668
2095.1382566602948236692833399230634
2096.3465299792525885285029264514707
2097.3716063571928945392706508937820
2097.9519221998870396354147321475386
2099.3116512650613474635100651554333
2100.5937452368612406638340947819699
2101.1354894591084149182730861157879
2102.5351002152977009581088743015724
2103.3904548087140393485147563037573
2105.3722065917998977733887952772001
2105.9947043392862416768840187528054
2107.1723624324433414697053911602054
2107.6179114075143277942756903246926
2108.9383848890153355979879490555315
2109.9631431812675820224379853126672
2110.8223718481318220174656088482496
2112.9070875231907777138591483014887
2113.4839664484308012849679300662303
2114.3961373258899923859779413634278
2115.5066027946841144535199330557986
2116.9000560683947275738538604669710
2117.7223994413629780788976601127415
2118.6186462170292627131519290868530
2119.4564284689392766841677068799138
2120.6915625918439505427915993508421
2122.4651511749283624156173566015372
2123.3440423034624993248352796578275
2124.3703687375688782003655573097013
2125.5124000291519392217411823234794
2125.9587848403733053952539499050545
2126.9757111925579889626797232408498
2128.7522905542628366452445942875784
2129.4060802283284429975387951088485
2130.5551022832359166850148032154490
2132.0806209929426431711808195694005
2132.7985164678841546449850038597660
2134.1549339850379241724550680156777
2134.9507725043156721289200326732642
2136.0868975247032137116969595293910
2136.9674705484718703590729267114947
2137.5099405259109135758126786613039
2139.3807599852011075774897349802246
2140.9493626390970405882051668322632
2141.7100359603899503549748424606416
2142.3550431960353852675869965831146
2143.3744441805378855952923505337939
2144.8953374313604286933147138002829
2145.5057537341808240396272196992871
2146.6258944755115178270170173255575
2147.7853673456308338552204878728454
2149.1518493828892218862890676113115
2149.9106398581021190054780103192641
2151.7768851164650259479857939955685
2152.3902265969196551124328656199387
2153.0119641653865286390994327742294
2154.2636239523203360286750746456490
2154.9353458482254731232733045996330
2156.3947272556816892294426809241354
2157.8564895653531270321113147217874
2158.8780722910832044881741917777628
2159.9022860171704924811550247473373
2160.8530623281841912606215626571530
2161.6921721892095316507960803604053
2163.1071222857323803426684482849301
2164.0497203563573502735060099485911
2165.0114371743142957752481011114368
2165.5039490233757442107023059251438
2167.6934442547468480341855786647744
2168.8906158518539823830413643383470
2169.2638292833649550715572413778342
2170.7870749730157366115029745868893
2171.3963619264946916256527393782501
2172.2509628275163264070288457385989
2173.5282969693166121542166662924235
2174.7450208034766455267047797772917
2176.2041194662156383734826197606073
2176.9394516989774059842245362270087
2178.0042091547611243865943382470361
2179.2321850297471874836308717105784
2180.4953182592787807443398877788914
2181.2523670106817683612354472119943
2181.7257830298195618125883273582813
2183.3305840172799376270697635172197
2184.1031907606805349248285569121240
2185.9655283206831090044929380773777
2187.0856909593725210885754308052303
2187.7984558778278990414309679826276
2188.5587632030885432322599633122430
2189.4970729026053916292067382498491
2191.0933630457492756496607711027275
2191.7780174005079886888628908059861
2192.8267705398612087469183872401373
2194.2315300504497005621177613927426
2195.2316876812557849738700624371134
2196.7159776667585435409445182244049
2197.2587470402059044911455509348014
2198.6875126843675223336568350125528
2199.3029653209695836100669639971997
2200.3510209132630484274624847753631
2200.9159530255518245046941986617005
2203.2774537306460113421807509080219
2203.9063645837735481468971467515543
2204.9978017548301079491045781501197
2205.8557612455439205294493247725536
2207.1721619149522202888876364737673
2207.8027413367369547307458588815589
2209.1537444002632580741463415187701
2210.2080149892503644493700270113872
2210.8509410992961667392040141837260
2212.3435684000364043498695250866190
2213.7002562484360904593347930683502
2214.9499256320924957726328530177682
2215.8205656906455550327100216066759
2216.2963758876451934286667873906512
2217.4693751162251934325258590960777
2218.5210069133952962685166266252768
2219.7998156983610617895498454026825
2220.8521588489141826076074107028739
2222.6366045880974678568962602772279
2223.0550579188104079730363553302478
2223.7777725072145299788208840568578
2225.5646451171694260052298843164728
2226.3327344055755871327048519651749
2227.2462293765953765321874458389248
2227.9705738822563093798334130075045
2229.1279589101233039392733862745934
2230.8986908562172486293923164786556
2231.9771540740733140060739636923314
2232.9248538689661817784265904905020
2233.7202222503129061907669202656168
2234.8149345313269000143004543183639
2235.5466621356000631885427230450780
2236.7736438450998357811069775507974
2238.1547995192976153965528267685658
2239.1677439602366594644704407748518
2240.0212094704710963993106134665471
2241.5361865237664020520729570874232
2242.6211801593794810805890557594664
2243.3736684189619985357636509441189
2244.3707017004303386090593230620834
2245.5652865312713422349850466727571
2246.0165581782856269680995908857509
2247.3644312512293920224785951320587
2249.5501985735370926583592452603950
2249.7707665527239612764925838318939
2251.0466419415531663162836454870573
2251.8453183386933993579202005670812
2252.6784326738388565814109037403921
2254.5622469943895531084625073535553
2254.7590790013039952974526681593563
2255.8245655715369412384080977502235
2257.3463846831328006605653766857141
2258.5018472911458381694894659280776
2259.5178420573842739829809402687659
2260.8902594168002651211909688150921
2261.6600644494810990112236619736897
2262.6744306482097995387019221066241
2262.8783053811611122301512287468586
2264.6763997057702466381937464156137
2265.7684461154694477888827327938404
2267.3845010675440358322336557237191
2267.8791753371660698739462536729157
2269.2269982616095506592372486161081
2269.9191032168383468483881116811073
2271.3262824680663813713058897609617
2272.0490157012376584604413174376520
2273.3475340531644742747923384568375
2273.9562891459430560555121949278775
2275.0686647759713335096026367622218
2277.0793177566235230628075166089937
2278.0126283933053809808636475636751
2278.5259421557841917469604183519606
2279.5073058411194937547321964238315
2280.8707198525862092600192128232627
2281.3564836145462935895248716322215
2282.6903751376478923489615288799389
2284.0560114593513778620358588435334
2285.2222423648665038752967390234809
2286.1498141405640541686459109507168
2287.0461586710106041660103930748054
2288.5788494457646263698738509775985
2289.3362847101341501066204689927595
2290.2414582108557312495672551209976
2291.0976636121120119325135079047914
2291.9289012524905571801916851675706
2293.8961451060867566814508651157837
2294.6879184117143114399571978822624
2296.1150911883303461152949056901591
2296.9985224725151266339324695303887
2297.3726475798095939488344659279983
2298.6123633656602056668848794608355
2299.9615776200896867546231397722560
2301.2341257988309029577430667518708
2301.4548403517284644788660412463743
2303.2954819825732230446699066288527
2304.3051386703745335971128209551655
2305.5083567886819685749674614239053
2306.5177330700035351063220429122105
2307.3555533704780831338533156701840
2308.2102846347646790125448835404955
2309.3703582395291170234692881305484
2309.9311223841836229245445652427190
2312.0479964496107435730258577984584
2313.1909141707478993283094232301254
2313.6893599672239604079234419690096
2314.6211821135941618770863957361129
2316.0494547199888291550053586315422
2316.9624945048407725124443826694062
2317.8515318642770403034241857879908
2318.8260353364301483596963219960919
2320.0885232040272576457968014026434
2320.9495316286596051651204697305952
2322.8126326066933342565323581803965
2323.5342742407660597148375274490456
2324.5124552322583889545624353484337
2325.5570964917654539176418826487380
2325.9030159275131077484956742729485
2327.3768558196995610605120770825496
2328.6348751011686092684800651588220
2329.7057234064495556907795250832011
2331.0131102895728930274773175770774
2331.9427078064027678338123868156397
2332.9877654327750176842681151310609
2333.7208633737822827477642496015169
2335.5317125744509563618885911488760
2335.8671538056497813635377501512708
2336.6210367862387213395163705649328
2337.7617301588206968631958741770035
2339.6156838959826201967815031863811
2340.8267267066444814248069392815248
2341.3245961862154866620448178322298
2342.6540416584692638087838091612500
2343.2591589550088601528993795907144
2344.3112162361517578247057203140293
2345.5704836344738166458338419070542
2346.4641195297878111141789318794692
2347.9342546417236744060792124035517
2348.8434236334556801248282249426216
2349.7300542578378767061438578802938
2351.4550469278512318549493256035174
2352.1957015025364645895253176052435
2352.7508700754545909851029143766290
2353.9121358523530592979703378789778
2354.9510812350081840822179896233064
2355.8108139782906153561168813240281
2357.6083159202474857892793155709891
2358.9047051984155790004370011457245
2359.4348590764398668351328660059837
2360.3142850895263386515239244073137
2361.3425416419326315633345348508923
2362.7183179229213810333380238739436
2363.4956176541186338675596425757059
2364.7511760891170101112233451380152
2365.1915150641319165645793558948929
2367.2492198429594684778943329964531
2367.9577018231558591053656847927339
2369.2205777673990320263322234482442
2370.0933902842321693892712682374604
2371.1007479297216734898086886123361
2371.9381377946101081508712357179783
2372.4403472600558437397599040840027
2374.4442307178166502885003397573607
2375.5439670373722488997735659010862
2376.3554635155601897484909088669292
2377.7554079140127990160831592033395
2378.2129616796621573158990997258638
2379.7265029499658222423879655228606
2380.5456572187362593069949794981203
2381.5001237104375297310553634967460
2382.5308305663664021817441090066586
2383.3560139159808694700670270628034
2384.9650716411824697262096820054407
2386.4309371095038902898134606161007
2387.2990841223365147575604363998154
2387.8135685560780372867975767514899
2388.7482076354931764155351076352054
2389.9559881136661570047358802965442
2391.2605498724033994789224409492974
2391.7549823366227727781331936680377
2393.6305932916998553319017863547024
2394.4853678560464940156497158788671
2395.2701699946470921724373377909229
2396.6038787626160715817635960160887
2397.7916437617737635030762529552822
2398.5583113825326711583565931410748
2399.4338329057852701216644520175943
2400.1523565221314571948866991665879
2401.4829983757717806511654797647765
2403.4187984453452038916157579456307
2403.9753151489675074936405316261834
2404.9215934897699975692139011396971
2406.2539887182894852608636395732995
2406.7328511821095084436455226522044
2407.7159104222699072792893708447558
2409.4415023524195403451446209894885
2409.8816026828795882538596883894991
2411.1261933807774213690694834585057
2412.2229358372840416707892825993517
2413.9761231949834086064747073766668
2414.3798798012704958710542096394652
2415.5768934659941058124221402526737
2416.5340546277039393003733042553695
2417.2780874217721931089719983448364
2418.2294432673573874603674377751056
2419.5079171630712454634965230366714
2421.1429439933281788871327653962054
2422.1520849251095087812742693345940
2422.9962301234869078612887049221183
2423.5041468887161394142490913933349
2425.1247602125567244754637164494053
2426.1934375416683004735677776676158
2426.9070642937536451278175946003123
2427.6408969485929822564142559066367
2429.1855959902569224913382582785451
2430.2658126359444030687524543757017
2431.6111350962539303835818901376874
2432.7275692992547566311479461429576
2433.7058968047038089342898923121988
2433.9168732376841830155980174152894
2435.3488943646945597020914254681544
2436.1916003750910363953791909456697
2437.7940761078260498418965038371949
2438.6717907940441802005360394828737
2439.9271272186722760589257184805764
2440.8261602906352547483894613749148
2441.9298365499984095284670160122429
2443.0335600581851323318366513309474
2443.7754363961997293274737124553176
2445.1543810152204194220285826437174
2445.7449521011549003707330597221097
2446.3985233061102476055307591762171
2448.9883122860351053550803853146236
2449.2310320092925333925987755542880
2450.5036505801081191025284332923746
2451.1817083100844492213490967813721
2452.2833657412138906260284457011839
2453.2574858120840448678716320784115
2454.3005618417899234926733067832729
2455.4822883835259239528354011327209
2456.5145518412885533306119202656998
2457.9079990902185446840056274693342
2458.5467998371280134084136165758235
2460.0135794655061914982504124664980
2461.2022953745062000462680284035011
2461.7316286480413926972117954851277
2462.4642949138537636291148572969859
2463.5696672950163478435451866517332
2464.9278163612234085599107180482172
2466.1830970131927234062179242212181
2467.6408607837790246981903782599973
2468.1868163011152432384632512587435
2469.3362638924974892295229578348154
2469.7814850315240243090861909119945
2471.5392977419967169486302050175550
2472.3364175894822710673696834866393
2473.1071247346450421948337211157709
2474.2378497343936795111807411710490
2475.5393538610027667698572496939705
2477.0217550961045941565778872334122
2478.0148540248094052420946293457171
2478.3975975831250204404877236166400
2479.9773519808707541224268654596688
2480.4336069850920729277664348900418
2481.3567672803589445972134929267674
2482.6834115187159992322598729779894
2484.5032382747446433663635457127893
2485.0875905374198665107970403638486
2485.7856207123927522406425555871461
2487.3338364427260220668139053977041
2488.1138317541930543798383961879883
2489.2611574516371167429662234583806
2490.0510905157467898093557683177254
2491.1055164218207048183028238814374
2491.9074739342928426449235269578841
2493.4892954491232172275007526169530
2494.8661778282552209730874715804963
2495.8468404195016427554747260635055
2496.4853367028232682456153314918091
2497.6484652466019345498612319404280
2497.9699739667522623967955032454474
2499.8620428212550656863921053115001
2500.5643864123174493411728375692776
2501.5777446724335394644695389658903
2503.1852272120868016425328686929920
2504.0089336585836411757644349265185
2504.7721525112120279263524289750788
2506.3053519373076956617112588705138
2507.1518856476755891723087261413272
2507.8710395797433619747120163493986
2508.7660461038266224089676670966401
2509.6529974413794216937294299620082
2511.6601897871866836554760545256549
2512.5382209852025448086110040829579
2513.5795170214648545945730755044453
2514.2598590597736779066451315112253
2515.2864829247128800381898865204770
2516.5710491428874859943703699659054
2517.1469318804153568633371196581543
2518.5528520406908210023841224560396
2519.6342526402718933341719439746493
2520.4023235180361639738809414016821
2521.8851756461510053632397199678734
2523.2634801558721461429663060056239
2523.9670558191905294796750314203168
2524.6420457956945214793487331945249
2525.6879933248006832570126605878611
2526.8688100585929982439176757767228
2527.4187911606289525623716155877188
2529.3780434632751196194419808387250
2530.2736722742684112776034788146694
2531.5439612200648374107303828360524
2531.9693840815619685472165351024264
2533.0673170990474439328749172489452
2534.4086140983942025831340356943252
2535.5058860739660320718146504478202
2536.0918849208389807994825750410601
2536.8674852225612544380735232018685
2538.5598269362611533987734948198482
2539.9984071185911664688331799439993
2540.5316619367422286022204480656164
2541.9987291536710395366717747222097
2542.6876505148688670824218574147434
2543.3439550886066501344594356133607
2544.2909536566156061108922957450606
2545.8780177303331596624350295431511
2546.7611412833587735612760639672184
2548.1816153941085574590312621209316
2548.8959875750465670079060853243483
2549.9964844915225203901572404406484
2551.4111419928850378967695229952603
2551.8804459595990608799858127297248
2553.2756779955246926386732130020457
2553.7230692012091802487959699595618
2555.0508752913592491689822978948105
2555.8323507473034030837521922902165
2558.0091059428717891643418124608530
2558.7522113684713673383134447597521
2559.2342965973339724697143916996603
2560.2632895143887206207428968378358
2561.4056357475733154787141290603626
2562.4261133381432320510320711087821
2563.5017189039929887244940111372923
2564.3321078543334903977497672269203
2565.9752704782838442040120469713349
2566.5575578970850224895495982200387
2567.9585997253288294082931017282069
2569.0430901733527799358000626533116
2569.9481115969045798604698342541084
2570.9585256619192218606239908129630
2571.5407741477687175043715791185262
2572.3682081862074137752164241424087
2574.2071639500228604071758953033909
2575.4045119969036225481274436967825
2576.1410111840261545108292041949726
2577.5198355326023446933702712868493
2578.0701299250055550470257000437272
2578.9712983358959424748078950456232
2580.3461115652007065896914342747284
2581.3981405818927066324543738907420
2582.1387339313018899826437628332505
2583.0032945350998382040133437578541
2584.7584024416785416036732295570759
2585.7727394040114992566634020124525
2586.9251789571822279892856768533937
2587.5910009241911650020411951831480
2588.3682104238804494329820294884546
2589.5792645544340068552794243417287
2590.3716929259515223667623259987551
2591.5493784479847915028916960519172
2593.2758768066044253844215101990720
2594.0236183346866825690517009579279
2594.9050115524799014467762818665376
2595.6875301388596039299442519749943
2597.5461414884595649302713602519722
2597.9793534184231159010032630808929
2598.5987683196334659841323052116201
2600.1213550618819310929265359762123
2600.6419523192199788776129323007981
2602.4123005580551300951442962956992
2603.6287811184532529763961451994255
2604.5735648237186641799654919224677
2605.3680759155592313507570491362106
2606.2436645475189413773946679881852
2607.0036391142390096735567965781132
2608.3648996490355127724071769786300
2609.5520867406773850632833512797589
2610.4445209389155160225924113037055
2611.5436703814229395794399077625626
2612.9568070366940443834905272226263
2613.7319294383050328236388741535163
2614.7371361654008408078837028249488
2615.8477072682495141838783873593528
2616.9021182439537973435509200154215
2617.3350469349011142696787105467405
2618.2929154780222859420701119150582
2620.2793936944246187915682950250834
2621.4290552132292408630295673367135
2622.0486967984213547663414718766354
2622.9945079763020312698661313209815
2624.0506038545594310858739688825142
2624.9095017771696395093461487960921
2626.4605022299443398818300898503146
2626.7104713958063989519262115498769
2628.0980265238711912566571724782259
2629.6041395108485877891082864565704
2629.9948007642199848189116195318157
2632.0431166371127289520438558373904
2632.4436589491453549165747450158997
2633.6763999397811277921468169804854
2633.9665434341212628900811074242646
2635.2173316171798527180820835295405
2636.4325859950818616969807801662869
2637.5106833584626054180610229399526
2639.0625730453895589152269254396234
2640.0542458840272575878589841583094
2640.4629428289513234658324734682170
2641.8017447841085487969397359238279
2642.7557590630438974438064849719900
2643.9709009583452261998994706848563
2644.8878671434915818557774140660613
2645.3955672785729292251698630664882
2646.6899401727243194735420259026812
2648.5774292837638848708493049183909
2649.3256535517987721171145584809464
2650.0585444583823261085127753078088
2651.2273313321213262039323422388745
2652.1607752415399560536190642942295
2652.7706428269596885851872973772523
2653.8970697456404382718800583820920
2655.6157723259618413841595868247079
2656.2389984980172564620882701344543
2657.5377607583005542291574173047622
2658.3415576297569675275471212506774
2659.6583160208596165867601286635907
2660.6102458029531145715200133478188
2661.5825737582138806908558881472635
2662.1835734356276154948076803168137
2663.3939456223396276440896258552392
2664.2354890832440593903796397186936
2666.0301014794539686486045979844043
2666.9828490705462359318567126452184
2668.2918590372089101335321123199914
2668.6636514012928185379048483238215
2669.2537448881800145103496888957018
2670.9989985821652122878224600989572
2671.9183826689109665659549320897363
2672.6037795881466920668062939739522
2673.8746187111046557755566367868236
2675.2717591296365257486396595923664
2676.0664902301004496045833989864620
2677.2461938931995075806937383375635
2678.5381565216317286649645040392032
2679.0252815962844733715398929592948
2680.0390215482384609899963143087892
2680.8431171329236157196229033133342
2681.8410514560827191932313304955809
2683.8822755514699001954591354172194
2684.5291569044976494122050562210698
2685.3771134266322440660844720341798
2686.4961601511604467485793653228683
2687.4899398080266326664625481007050
2688.3850815955541012589625251293499
2689.4232759811381277220350641185829
2690.6331868560252746128336410485251
2691.3183828399971137687087750055392
2692.3687189585099141948500135080400
2694.1028206134419683787217227896934
2695.2089579689712785386371482843217
2695.7500492401048308775522502999276
2696.6953725816114622252681894937027
2697.8575582167593047302247882644390
2698.2909613213957824951012700274909
2699.9420275000863588546659955035194
2700.7312070110703325106043357096386
2702.4335448477373327167364476018858
2703.1436575111889484365494055667565
2703.9817142447724489083368368230641
2704.9557375513342586411477680589019
2706.5282473267566691282599118727097
2707.0907646463888799707601307971805
2708.1170692292729684883411546301470
2708.4765249606832979790380804755696
2710.3683598236061672935684079884181
2711.4582278641149978374251516566384
2712.7866873347563952778660025431742
2713.5252893033479073091458396254187
2714.3679066885186188503284296936571
2715.3398716314090580993136483849462
2716.0250490495344979974151399416218
2717.6657748710526405471133270403239
2718.3086524743524830380135089625207
2719.7709989781298820085705111997957
2720.4934749001527737435951315424181
2721.7987756166479915817674864315797
2723.0860827444758434917464900520821
2723.7689288498226943721510230899927
2724.5239244370697034327168271118188
2725.8829892034820008239349907848133
2726.4797010339632307934273788636635
2727.2744594319015578032731142973289
2729.3950416685949121178591958124537
2730.4928918071721827287878561052477
2730.7977020801867465678692485781636
2732.0040499135952467987426058198821
2732.8301235574821046236567479519463
2734.2007829678224276266223016142274
2734.9388560842088013156305449819372
2736.0004791070398975694159777934583
2736.9220484400005858215768983825279
2738.2664441637650322896145313039864
2739.5135472962015489520113757926532
2740.3111094212313814160131200424677
2741.8788524205577228567379707545309
2742.2541078782480246914413218237448
2742.9930681599273902456265926003341
2743.9534698100878244985574522020644
2745.3218318981929039454074334724953
2746.7147989523984068708467866519585
2747.5140979981841177391174522237288
2748.9161910664364358148426538948610
2749.6436497886532362875819081355488
2750.3140834103598245357910767615716
2751.8236714585273821044954107972743
2752.7155024938832610358375328507876
2753.4877964173961507889294180168859
2754.4586630827183980760788766700650
2755.4168761914859668555599033441769
2757.3018682143007918916957566870584
2758.2781033283390022464502003786265
2758.8586709686850043579211103863752
2759.8986139196583891577647048479594
2760.6571515401117061486797613330654
2762.0828801425752999985826026066460
2762.4445804676944631486213564105673
2764.0418462520890830518795579661031
2765.4076911464829257707006123348249
2766.1570355899190619838236006934725
2766.8872697473680071239428902698188
2768.6645238881391080866822739569243
2769.1446987960999902281226225709861
2770.2790936433431921318307923337975
2771.0173921426847731974735493587688
2771.8962936617277210942407433370821
2773.0297134242948446013197687059900
2774.6700107318326313335891867584555
2775.7257073424103279132881534439540
2776.6191603079263561894700698927551
2777.5121252025761345750079867967334
2778.2896952997727756510207485334546
2779.1275391340507686593833646115617
2780.7711183790715386007069034281243
2781.6560702275714407775250860951304
2781.9892396546479039624051524335589
2783.9436652868591109184623106093692
2784.7052838761218401636563217233963
2786.0433357386227577196526131638217
2786.7025663513687739881355236445415
2787.9320212585237748390557780973546
2788.7962780145110743389475026891355
2789.1975611210509125560811833759207
2790.4930807910352260400021380608432
2792.1133785570228422258991398306727
2793.3014692408717243366265654501792
2794.2380933352754676967732529897466
2794.6538246653281984200899742266815
2796.0347616036578051987025755283254
2797.1745393518977594215132245151822
2797.9729012296284214607092868267210
2798.7981401770454772054743813554831
2800.0674448184014927825586454966883
2800.9376031162349310129596322556804
2802.2248015363316630113480170801524
2803.8649551383445069090387395388617
2804.4189356762511522089848087383221
2805.2053003630644471733351329698888
2806.0027324166408888377139607404786
2807.1323183711893802786062023425098
2808.1535011979976336100668139988562
2809.2916522451928374697882811661637
2810.7246340825184640866019383583556
2811.4609922260528097245340105654312
2812.8619975880221486098889514822116
2813.2014880283009359787911596616617
2814.6567579805951647725937966888995
2815.8386539927476674452628320990279
2816.3379548153251567302374214431982
2817.4589073174193261696112474297845
2817.9494621609669472152195784714754
2820.4888420219165849741064652720927
2820.6608410537811599551411191973337
2821.8919300748709712732336389740891
2822.9230262170232148575036632316122
2823.8669920566079839676872114724802
2824.2818841220396279475187273772642
2825.8726566897507579968778393142182
2826.7121703749227460295832147645146
2828.0299739462509950711133004968300
2828.8515265905225879866377034448342
2830.0875452900161222241918266638238
2831.1284254371872585003885437666199
2832.4165508579438407522927601388311
2833.1380358516709062069159633763424
2833.6587172333081782445166452950381
2834.9802484625140471304111985915086
2835.7758477445306047616269393202744
2837.0144720812931227525709696075162
2838.8128815292716510303108251773649
2839.4857533950126314671878393285669
2840.2857549106915328133513471736271
2840.9206729731039761314072504547755
2842.3326410811007013831686662818950
2843.4698378845647509830436418194945
2844.1989869632612271352035819792180
2845.0254336104801556369182625969059
2846.3907762127268900033519864010995
2847.5359355297307519674923754785169
2848.7703085554073542077271055290914
2849.7970866472096517122014584059034
2850.4718881974353470284997823797950
2851.6789380362543490937251031023610
2852.3037265683697689347811039611183
2852.9262147646948692543455497460150
2854.8323942319313162291392332814058
2855.8537211929001113580193696028540
2856.8161335439133212048673763661010
2857.7361398078220567668298467583820
2858.8578603562514783710034989154304
2859.8387489541843615820062952914390
2860.5774364976122659412708035684498
2862.1202082343964053830499577706347
2862.5069662777626793179564249060376
2863.3635895521911539722113292043994
2864.9114267588514456131322137967878
2866.4932097559297534723655402547637
2867.1493560940878682155072183710574
2868.2241636630904385209843453274213
2868.6576291942183644342573734877016
2869.8434565748636531691614127086871
2870.9095063753809207016887670514069
2872.0235111135481923037897497833235
2872.8585551834381968623838823465908
2874.5691540728458646902319405053469
2875.2821191663665577318760557974012
2875.8899143403864357264393219662391
2877.5466491537962062890665078145870
2878.5270026241799266939396748485367
2879.1199075469789221055310390996276
2879.8689739369073390288765541866382
2880.9789947383860068888540050726640
2882.1536463906369107948713268450006
2884.0136575528397666723798369722042
2884.3467577901429434049644698523519
2885.7730554027221303292961994794077
2886.3088746397725798594632396800393
2887.2248855070607852035312366780339
2888.3943824561721314817125484800207
2889.4041680475780172663353734561049
2890.6426263615532955471180260715541
2891.2800782154551064942901943021117
2892.4626240166392480943476041672872
2894.1744487368212232586108644252772
2894.7465503562250122013640724928714
2895.6411038619713774059324839395732
2896.8254051682475473584614946147868
2897.4283005669697274558127792577548
2898.5413531799079420869462699352064
2899.1777798365483610958882284993882
2901.2638503619971785048574005888166
2902.0651024812501277963206855250220
2902.8557855285082641955013187718253
2903.9578790430370185919995479528580
2904.5981960219877241237573056266762
2906.1764175966285392898122133034042
2906.9233393429851944835794777598058
2907.6057369112108321349105154332551
2908.6580455197427806685481109407290
2910.0282334350463796657892359644332
2911.1429036645800156706495662623424
2912.3459047260559164726182627688360
2913.5227858666860840324769549645501
2914.0446110721027396479466059111840
2914.8027022238636097200068880391570
2915.6859753274551776890794091792562
2917.2741734414875553516941544192850
2917.9824167019125201638589103947484
2919.3217723265272781345870173631900
2920.6155559921413252669874572023910
2921.0831989372598285757282649757146
2922.3960845573950774419440085556635
2923.3909323573766062449342925078308
2924.3334349939526540486561516814986
2925.2615091193133125519422783986381
2926.2954362262257591231237163907432
2926.6240146864658969883214074829072
2928.7610738469982614719742711633490
2930.0043663719791975893480269328587
2930.7111686973895715062340831105776
2931.0691011098147320854613952035705
2932.8064144158327690050106282542093
2933.1748571620082900843118315713567
2934.2907178357878459319935982287698
2935.5524637057479913258990431852281
2936.5503748486018202414964307094873
2937.7089589815682378737297919311220
2938.5812203505784551509058116905162
2939.8475291625939912355239357439894
2941.2616015346871173685381775311119
2941.4252177563422470311145240769964
2942.7248858651474886948713230111406
2943.3536849601783754853544733848723
2944.3216487944834333374634520372126
2945.9444992858870259940723383424541
2946.9223948961883507509004543111346
2948.3742618646905375048687525771460
2948.8675772093948867422923404527472
2949.7901430257859090721045022847317
2950.5211083524183850634204011977944
2952.2838296389475456792784934938322
2952.8271765835119010308700727169551
2953.5890309937588081201068335347772
2954.7112752909335627278103473456279
2956.2587304241571200028254422428885
2957.2362592468425622017366627046252
2958.2907762541970027207812272818423
2959.2210142346871518654275391576632
2960.0336178120083743023628615961398
2960.8148392662202287306300808719074
2961.8259705753485914661130664664884
2962.8196363352814238161592425070409
2964.6339214948085627580660990953288
2965.3983415842909168532504424872769
2966.0652697456481014032370480446396
2967.2701904264961984103969508072440
2968.4053489954075447128777652647799
2969.4011366556988096741319909931223
2970.0499301109136336462376398623617
2971.1222381249344877540824244476146
2972.3088841090687547528613733649092
2972.8116863913576924926608895414707
2975.0180204127808961229934192439515
2975.6199571661534402910908071128142
2976.5262321370942525405343514108267
2977.5535749134702525560403984847989
2977.9819785126002027591779604845808
2979.3190422120114490107517168505918
2980.4873810065593623054346711866643
2981.3439474818102916319475510955251
2982.5237198959246380616335441482195
2983.8253332665194041562297448751690
2984.6391778044465689732511842973807
2985.5476662354210721507175647590319
2986.8053933832978348517606198626919
2987.8561515024321374548863509482593
2988.6346996669388083408878834607061
2988.8550463674452025407883293977537
2990.4232705736986024053768002258302
2992.1636686750632201751367005197787
2992.8688663783010138292029658253883
2993.9743530928480103757633817639842
2994.8655070467539482416517842377360
2995.5402669155019542672192937630672
2996.7365060162217635970773274668658
2997.6472031144427947778929650141128
2998.9593010980289317307278580451195
2999.4944929945945829694430414988411
3001.0233311628795690931230001173574
3001.7073324560210181837552909754488
3003.4770428527105948467128240929718
3004.2909759173105780152474786440765
3004.6623084082491430931904729590207
3005.7729292845080106375435461928378
3006.9907383646334018428911200460551
3007.4686992164708505561170864807745
3008.8821208723930421593380816834643
3010.5149621292442774434094221243201
3011.3443801805122308998493024022856
3012.0746947858668239608607346775881
3012.7884505486783453438339860748802
3014.4590822066819161915104049081882
3014.9116665027293051894343677346386
3016.3483941699779618695687018297434
3016.7000608126291970020459649092709
3017.7834401915930688221715496803039
3019.4617757803659500752222214517833
3020.4876338969390952445520273925156
3021.4204006925112929581617936122807
3022.4474837931259124778661886004728
3023.3385090679409108248460090176511
3023.9309960739022662316717269712274
3024.7939638712177607106373845548293
3026.5108269078454340713266670817366
3027.2995228073414722303905601212293
3028.4015225286306820945231760323895
3029.4993883696812406459925535650171
3030.5945296509820704399191484828984
3031.2892174680612849175396269657415
3032.7560293602245029419941603600864
3033.2181239729536215174532033817046
3034.3609071923268935158485148952520
3035.0741039475379758143945524815670
3036.1331132382080233156755998310648
3037.9803835904685157418194218350133
3039.0336510442101995369029741753609
3039.5216015715721040943876600745414
3040.5004275646598961731986853891523
3041.2568035495000782382839398127060
3042.6530498541317179507396048509318
3043.6705416217702012136878743257247
3044.0551279819143961992338862896272
3046.0500302248761081932615415499392
3046.4545042192884403775282052848106
3047.7088176408898687822366388191404
3048.9226324904049118691067955396083
3050.0196767572121701452604617657229
3050.8012333157209136935041498088371
3051.3423833414805003862886186596568
3052.4768485242612273643551975238347
3053.3482659369521231846650254044188
3054.9865208665365878911625324555301
3056.2429233097306011598167707127153
3056.7651381129650005875451648888287
3058.0137030097017941463364227407738
3058.9014946931643117684163172413926
3059.4378617581127860448909221425360
3061.0627001175907560486002922032761
3061.8375844452676095507642433433286
3062.7268731646401496746631458781995
3063.4350864850186490254140633942713
3065.2865555852972055490577386545028
3066.3202504040962875939601675723393
3067.0713202411761166472773780043234
3068.0135013417953353072449260033994
3068.9842661855262008902415517560665
3069.7829047797674853282511804154088
3070.5426215498081854437888468358283
3072.0009933779156759169438760823444
3073.1852377799429486729217529632049
3074.5234942852102681131994732671557
3075.0338728774107068428247972596799
3075.8334792424640549141391591623049
3077.4274733068123142108827486144731
3078.2862269179692590122360214016785
3078.8973791471350082286395672300218
3079.8713946428137216313060954936744
3080.8563823419725474980898848443852
3082.1631637590717059389554025458016
3083.3613579904316739453063945418734
3084.8384515042933155944385206631716
3085.3772689936342131001641921599993
3085.9655222593106216772895194240994
3087.0188153586453561673816895176860
3088.0834370420393777906933800014054
3089.2223089445178062961205622896704
3090.2821949029348283734645925032459
3091.1544696984933848140216356057793
3092.6876670400269270966687580907925
3093.1854457175239475398472998384886
3094.8330684301163251581144558363705
3095.1320312394538144050490024506873
3096.5154855129364332871973126512298
3097.3426065309914763897506348114380
3098.0383549729646341659240429437581
3098.7580898488132262780563062129599
3101.0793730865792662019026107369424
3101.6573707901447965571694517466703
3102.4360891227181925375544270489429
3103.5899160595884840080991196107917
3104.3625463416338410294862295338466
3105.3914023698577027803067065707715
3106.3963526460554756000682811538432
3107.4842558570232511974568717511135
3108.3035962662063305996037889838404
3109.5330997903567720316498037557313
3110.5572003803256802122175042211087
3111.9207277140902831249067785252587
3112.8407378593731529022101565084449
3113.7552136694867393327910247313341
3114.4734162035719623296575178591339
3115.0026724135449426053857547919730
3116.7204508159015178691031272341170
3117.2697233868995072064587043752209
3118.9550136661243345670565141935842
3119.9575566043387441356535280072196
3120.9862149756774875786491890302143
3121.3372197629258040023629335597673
3122.6101288753476192640616496083318
3124.1502251643298717173799991001073
3124.5259226457686042648177284046894
3125.3744414721102146560082784332129
3126.4501164348200572469340964432560
3127.6930123734428876042370508191960
3129.4686126097480641530908937141822
3129.7962055054207924318291551943379
3130.8776637297738282772764972871985
3131.8610902163017550558742458695115
3132.6983313662375295571175185688490
3133.3988838229805490901026145889043
3134.6354459012576795480829231070863
3136.0155607520416821079102370898912
3137.1751726669313962037681531703445
3137.6134952120229604850083905493524
3139.0495084984655171947454520577358
3140.1384941410525366445782516432479
3141.0011748282403822517548816907963
3141.7480325428838794083800004158617
3142.9794567280387223374005249487921
3143.5674991835782497049165474041539
3144.4904881455130506885108418501592
3146.2835283759444521457628568250352
3147.3446066255303725747653962922184
3148.3790418704681935055132711976868
3148.8612287838065265417789286961002
3149.7717386989906744322522321982389
3150.8246527223634998298923930642971
3152.1510594657366360274614909164435
3152.9945599956435811990621597035451
3153.5969765295340689611181443427160
3155.3121082176699449712172832323908
3156.3003579495709720915471324866668
3156.9057614544465463794067922758503
3158.5782877079360799109861856250450
3159.2652046599112446611931868217098
3159.8040975790869767134232170529605
3161.0619125777550980019477726656189
3161.4024352078920943479171136355785
3163.3119595578271610577994565187466
3164.3505313209295948382802833831028
3165.5405978938294831475197543841478
3166.1395867135991581828643049654015
3167.1210947572812601071320629135005
3168.1975157138952210768088329923901
3169.1797646078565464697086583304810
3170.0141315656262535522587323605553
3171.3439580690620428055818082424415
3171.8377743460678052201375279602744
3173.0116339172783970928869670487559
3174.8153859763862099662375615347291
3175.5287227436953243374513265742521
3176.4803435164625644758720239329919
3176.9156360092129355394477128063903
3178.3717050050008143418662870514084
3178.9025955360465101463040177140378
3180.0112133728938518826192498727403
3181.3285017132062508283884709677781
3182.8394469202712528919616238292352
3183.2056733459268982057549457146892
3184.4514999603323231495530781187439
3185.2143445801114710474185586245293
3186.5458694295371913847638311540073
3187.6461627083723856419804945352070
3188.0554823294459558009027545310345
3188.8774607149556296002382155497078
3190.1686619621529136335170091437839
3191.7062563627744999181373254780750
3192.6817916178868266572475343724502
3193.5572084724546840745360260144671
3194.7867073785581223829170525313378
3195.3266999292103050350323992955893
3195.7938956338930946225035793518875
3197.5471656565940292496233958067021
3198.4301257678177897435520753005852
3199.2489771142464010545476143132143
3200.6632702307455922763497523082472
3201.4248663611973125496265798239432
3202.7782865007358475411184678876823
3203.6308911526252136082791762371254
3204.5574101878422677006738042217695
3205.4975805633422518839036327689599
3206.2288933038299620143601635029835
3207.2700623574305610307709715041921
3208.0861338919182221987432048574443
3210.3524205397667270827650794097692
3210.6703882992018190859633038934157
3211.6188325229349565646432556993438
3212.3192273429315997909425687618643
3213.6064987981722337315392009660787
3214.6675624880943092400219911565700
3215.3252989037353712410878541180745
3216.4915246923709024741425171691300
3217.4308047782902821721440252039650
3218.6599837440259001903985295951800
3219.6391713055853050373668068247529
3221.1983416829695951450498609506955
3221.6094763010974094038255961401894
3222.8138408229024481924484509002578
3223.3725663752555211046142163644622
3224.2137065196388204646359650835052
3225.3667159649338188972460705182577
3227.0441023745153544435091157228373
3227.5251495154950611805326260391558
3229.0163116299535097303068184747080
3229.9810669604993888771126603462462
3230.3366367321694612208523199652288
3231.7413479182562339725648294850883
3232.7387131248083781301418994351574
3233.9133606030341757255640354380945
3234.3065912449199248104609607534837
3235.1546171823664758126451548171045
3237.0875795317085919288145486542195
3237.9982363267125892045779010833589
3239.0904345626898124497684808277908
3239.7673140752395980158101880819013
3240.6057472779568621987109502614978
3241.5953129380385565953143088192329
3242.5683075823653591982492008582760
3243.5016527112798871986948877771128
3244.8841570911345801156541050872248
3246.0401578162397977200519770403943
3246.8416761619595256941590884514891
3247.5705035338364605791078047328731
3249.3080857474348145909882994512562
3249.9064463184444159673919877132382
3250.6133242674050351899268025457826
3251.5106377440175829691453942976080
3252.7239909072706871582722885970437
3253.3690172441082579922166200519046
3255.1420765925484078777767323606130
3256.3466128179576539992223011097553
3256.9419432047370391333544811454944
3257.8313400128253379777778631522120
3258.7067142754550534012799512465969
3259.5397306860396592483282098840178
3261.1921244205042207169530000678173
3261.5353126021834176924446704787986
3262.7189686945282706822180433893336
3263.7849404891264724817599177602230
3265.1987716006506218982845629106782
3266.1537864199357954000399798070154
3266.8039544796472975783880106316376
3268.1885178555671238443922345321741
3268.9094085887167951530469606084937
3269.5167853602480992127803980279022
3270.3108034578271305732931122300959
3272.0193976107810948874475270143449
3273.3630329652701582221775929661609
3274.0599530117248181362979243489053
3274.8635676379725721318210695888786
3276.1241549849220906263362345823738
3276.6945546812154013626139213197450
3278.0594782890382704025366237741547
3278.9861937320238659136713415789154
3279.4895096396349666055473049307148
3280.9764187137213553487988657837198
3281.7066908206217588677502681731544
3283.2391243001144508865357721011354
3284.4998631324385849314664069829508
3285.2028287516911614881762736849796
3285.6822597104608941080150663578756
3286.7185403422946441644940619854064
3287.7730919926665979757223117479062
3288.9369728453271595889791886598439
3289.7243065361761690764982454401994
3291.3857259284337229106105632973638
3292.2226420492850098990491412845384
3292.8567160975546349717687184795281
3293.9758692455851360931819332239777
3295.2666632327273276264674000598225
3296.0217547646720603026915698678294
3296.8731421626954734889517539092699
3297.8368423105992823979564669608508
3298.3578786215634412936895841672266
3300.4505761922505250042549487505116
3301.4137763043678338859243476574772
3302.0170976656044905099504196206717
3303.3172618416972627165185700331330
3303.8137192057598521448158322967758
3305.0761772408343317120721010571019
3305.4720886985301802088210581189542
3307.2217116024764259173664954133138
3308.0454022233189827487466619800520
3308.8328775129691984076022799074784
3310.2357067738429685213808133054362
3311.1553061182728850109598808218512
3312.3494594505103191236833417217689
3313.1998766727254451383077778984203
3313.8426622731571499968191988342931
3315.0150138279799100539702893831338
3315.6197425409245286019655019768288
3316.7524534177160255896563622348836
3318.3874701701704786753546483240037
3319.4126489931592939974980354155030
3320.4766996820494472447042352440419
3320.8879414612016721337044285653815
3321.6635726986102110158018432301436
3323.4909231797917194783700628817223
3323.8751249140862644011445756570452
3324.9256841459826953301145883269181
3325.6916270383817091257487189746208
3327.3384417514721767505106947058576
3327.9882692081701752972296439494554
3329.4655839484096256258232263330753
3330.2904003601302198444939804408762
3331.2994041614883704218581717767419
3331.8922882437762790007837008149955
3332.7008985760011185564092913253432
3333.7813829613715093034279683889375
3335.0459964244758430161453786048110
3336.5759684292552169615223143525678
3337.0442118967012058736140723938937
3338.1504073563247674115434856214546
3339.2566736946173305102053530026405
3340.1171526974589890765751525753348
3340.9722636378474113334279889678232
3342.2115548592569173011181083215077
3343.0517222783391276904116729900994
3343.6049085095928279983999409268525
3344.8522558681934445563635017162353
3346.8484308165621013504159860743100
3347.3978309909550975213551936066769
3347.9360016107550133039025795200690
3349.3010279268459645162286449813910
3349.8562521147650603978694414341974
3350.8037040245681288335954454618697
3352.1538040966057063545575094749683
3352.8453645426392746463305616114158
3354.2782312803897327341553096994335
3355.4836803059921661581552688561214
3355.8805781833220150921589781161544
3357.1981541183363374091124530338795
3358.4026996234205133913588674781457
3359.3592830672366313775658714786825
3359.8524043812933005196763263250750
3360.5841532983174601062014156067098
3361.8875886211210484125451312665997
3363.2338783488509358331646016533096
3364.3557635538623702871705085607126
3365.6009574685615394058467860053039
3366.1208838107530514843521477942083
3367.0555425396185943794414165728770
3367.7694438682191039865769887417472
3369.1837285548051272396780485698842
3370.0616517465352459043539478412828
3370.9975361427182999037823564689338
3371.9224456005402893157946887062208
3373.1601409252257698042162039421212
3374.4274719900465011691897123490115
3375.3799557563090357276290576448313
3376.2983860441955757903586955702241
3376.8209708484425946582193950289750
3378.2589569626450520408736923072231
3378.7806084948690470299162979611947
3379.4601926680861820187326092564998
3381.6346474470983739547941790946030
3382.2967149216020433726914889296881
3383.3484895758346453470494734099743
3383.8712124151014931756228877332288
3385.1773108279108077107192020443479
3386.1662957504195836658208292702252
3387.1495644593464298343595267192040
3387.8087777854045832778553324865988
3389.0918801565991373015027353411153
3389.6488790408796589620256832004930
3391.4812337318842452230557036240424
3392.1475726307742219328905950246120
3393.6517858931343504717327353734166
3394.1376663513936478323796904648410
3394.9911063107091657276562020405089
3395.6148509384008987046428343038640
3396.8900663110075866942083867539931
3398.2716771891990638670055934312806
3398.8411972199059100666499415805839
3400.3224765485540329146627392422463
3401.3874506971623064806859744626975
3402.0004414149392047186119394285743
3403.0088648201844429265402936968965
3404.3627615728691793381241597941268
3405.1329186951209032433090195613676
3405.8099428048222409452435806188648
3406.6794828119593803788368864853205
3407.7283142895220887491136108484004
3409.5787368524706810759973428488050
3410.4245652119062916028654365178263
3411.2236334972775989773299896263204
3411.8558302759765308256148429467750
3413.2190360053468370237497746203663
3413.7108194766501651209637778078689
3415.0064152978046739814265829756107
3415.8066235728895356660545456924686
3417.2017255275720388942630569392905
3418.1948427088535600744952928401809
3418.7442466751503270369721257762056
3420.5405829873273525752892862717483
3421.3075373182353124335002251010754
3421.8824204076704819686234020864175
3423.1285941923282939589700077858154
3423.6113946712736429379876039367797
3424.7289898633841359843867398698503
3425.8309177359394383156021587817296
3427.4318110056997839903304725286156
3428.3450146487554573280776229622845
3429.0771614591291340022656108022417
3430.1588095293258255174251701592690
3430.6116186801735900724598121175349
3432.0263665318686865038282674169896
3433.3063311603061657975979263671561
3433.7697101636790197566950213087636
3434.4329301812690555134085714630761
3436.1836075697092369042821460275798
3437.2191616069055023778862498753506
3438.2126161543249939446340087891832
3439.1124301541706369955818234772074
3440.2292995885571413847270185464149
3440.8440257705439034567323429624523
3441.4679776700713288354657027594545
3442.6833924454392005207967947694536
3444.0365707017376626299194727446337
3445.2774324687292522466606425594781
3446.0153861582979724757661750048054
3447.1589254206232749714568066165705
3447.7005176050055664538962858071511
3449.4970027154661515046919875167574
3449.6850010644804101141903361858069
3450.7234875925251157966635661698458
3451.9406694275325425985834530220415
3452.5698167716654246082599957999332
3453.6778939184234403256328111572898
3455.4887994347883072558006999508109
3456.2586145592894260505084840134782
3457.1841728945847825440985510358034
3457.5735988578401522039679976166657
3458.6654106247843692578926703437668
3460.0460640189495002325691654783270
3460.4842304690534567047741482171323
3461.9159711984938390792403126191693
3462.8967324018363504784657763532886
3464.0838321603144669162797641085284
3464.9776952524270104043083192105095
3465.8271557271273109766509786730886
3467.2044039862635005854241017842263
3467.9094710782167655397719036663130
3468.7755513668128704314223874501425
3469.5519131326333041558373671591554
3470.2141089614485846647899577467832
3472.2490182213160137657051415285518
3473.1687633951355901995148200875264
3473.8148820200190580714454630807168
3475.2191067327505673703849107161453
3475.7177928194308556172804109028135
3476.5199317708074597612510877575389
3477.7001902846724622464259370576434
3479.0498301792141394463206090446248
3479.4659653126983729254992883215511
3480.6829159506115122874315921305239
3481.7763966943218170946116815149976
3483.0578568013833248296013387577697
3484.1593880462339232870400496395947
3484.8845853528918756901357552193566
3485.6914977282138466054434179416868
3486.5343396694573760939973859764136
3487.5394778427662117657166867142833
3488.4557766222541301023850317144533
3489.6651233162734698500969596613563
3491.5505613682359497748848424757011
3491.8110999653354543049743686648762
3492.4144355804182545746086786837139
3493.7206130827229836258765081241748
3494.8164084815372321332192719841472
3495.9889319675823870748833349497905
3496.3503613637686467766843985543838
3497.3729605422803758342186978625705
3498.5761365390138930613899417671703
3499.6865538211294316563506818383668
3501.1459195904622066227710381144430
3501.8970952328911644866169135055804
3502.7758679485728807327495257872814
3503.6362157915109326145801635584158
3504.5889277749412263184134202776235
3504.9926271950499548161132807417837
3506.8607789870028838130918323103266
3507.5452737973322931118545483408577
3508.7725008669580549495605654218668
3509.6364080382723563293514451535584
3510.8450836445711256392114144337237
3511.7310911128265186795874782001794
3512.4735868428932304490154913576322
3513.8775738737967261623393908791400
3514.3667522439405121506302570974097
3515.4168088496411158463991380609391
3515.9018144988950180156947072597929
3518.0264452394002340234753694787872
3518.8684092085560271157949139225455
3519.8701867402300648240726041981453
3520.4916659655458258659347487779976
3521.3650409026825988836875144179906
3522.3822128938415898588564705101613
3523.6358357235083757241206472025008
3524.2152207375811045891621809685730
3525.3865666370367239250350018145184
3526.6702567113272347951497859299974
3527.6152070509993543758427010379378
3528.3518245828067785964464216853569
3529.9557443459507711798740761239588
3530.8350467977118154401153994435613
3531.2010239635260987978390832168235
3532.0385088474991985169577023054204
3533.3282433958199397023666142428252
